scenario,repeat,varied_parameter,varied_value,label,mode,size,time,serial_time,speedup,efficiency,servers,workers,local_workers,workers_per_server,parallel_units,valid
tamanho_matriz,1,size,1,Serial,serial,1,8.060000254772604e-06,8.060000254772604e-06,1.0,1.0,1,1,12,6,1,True
tamanho_matriz,1,size,1,Paralelo local,parallel,1,4.069999704370275e-06,8.060000254772604e-06,1.9803441867865381,0.1650286822322115,1,12,12,6,12,True
tamanho_matriz,1,size,1,Distribuido serial,distributed,1,0.0004975230003765319,8.060000254772604e-06,0.01620025656838516,0.00810012828419258,2,2,12,6,2,True
tamanho_matriz,1,size,1,Distribuido hibrido,hybrid,1,0.000296420999802649,8.060000254772604e-06,0.027191056841920056,0.002265921403493338,2,12,12,6,12,True
tamanho_matriz,2,size,1,Serial,serial,1,3.059998562093824e-06,3.059998562093824e-06,1.0,1.0,1,1,12,6,1,True
tamanho_matriz,2,size,1,Paralelo local,parallel,1,2.6800007617566735e-06,3.059998562093824e-06,1.141790183704303,0.09514918197535858,1,12,12,6,12,True
tamanho_matriz,2,size,1,Distribuido serial,distributed,1,0.000245860999712022,3.059998562093824e-06,0.012446051084466479,0.006223025542233239,2,2,12,6,2,True
tamanho_matriz,2,size,1,Distribuido hibrido,hybrid,1,0.00018022099902736954,3.059998562093824e-06,0.016979145485866008,0.001414928790488834,2,12,12,6,12,True
tamanho_matriz,3,size,1,Serial,serial,1,2.570001015556045e-06,2.570001015556045e-06,1.0,1.0,1,1,12,6,1,True
tamanho_matriz,3,size,1,Paralelo local,parallel,1,2.3600005079060793e-06,2.570001015556045e-06,1.0889832468028955,0.0907486039002413,1,12,12,6,12,True
tamanho_matriz,3,size,1,Distribuido serial,distributed,1,0.0001104300008591963,2.570001015556045e-06,0.023272670429776807,0.011636335214888403,2,2,12,6,2,True
tamanho_matriz,3,size,1,Distribuido hibrido,hybrid,1,0.00010654099969542585,2.570001015556045e-06,0.024122178531298156,0.0020101815442748463,2,12,12,6,12,True
tamanho_matriz,1,size,5,Serial,serial,5,1.3889999536331743e-05,1.3889999536331743e-05,1.0,1.0,1,1,12,6,1,True
tamanho_matriz,1,size,5,Paralelo local,parallel,5,0.004440978998900391,1.3889999536331743e-05,0.0031276886334682006,0.00026064071945568337,1,12,12,6,12,True
tamanho_matriz,1,size,5,Distribuido serial,distributed,5,0.0003208720008842647,1.3889999536331743e-05,0.04328828784703383,0.021644143923516913,2,2,12,6,2,True
tamanho_matriz,1,size,5,Distribuido hibrido,hybrid,5,0.251303976001509,1.3889999536331743e-05,5.5271706231374305e-05,4.605975519281192e-06,2,12,12,6,12,True
tamanho_matriz,2,size,5,Serial,serial,5,1.6899999536690302e-05,1.6899999536690302e-05,1.0,1.0,1,1,12,6,1,True
tamanho_matriz,2,size,5,Paralelo local,parallel,5,0.004377127001134795,1.6899999536690302e-05,0.003860979937824258,0.0003217483281520215,1,12,12,6,12,True
tamanho_matriz,2,size,5,Distribuido serial,distributed,5,0.00033002300006046426,1.6899999536690302e-05,0.051208550717962126,0.025604275358981063,2,2,12,6,2,True
tamanho_matriz,2,size,5,Distribuido hibrido,hybrid,5,0.005103551999127376,1.6899999536690302e-05,0.0033114190939134013,0.0002759515911594501,2,12,12,6,12,True
tamanho_matriz,3,size,5,Serial,serial,5,1.6780000805738382e-05,1.6780000805738382e-05,1.0,1.0,1,1,12,6,1,True
tamanho_matriz,3,size,5,Paralelo local,parallel,5,0.003921935000107624,1.6780000805738382e-05,0.004278500486437922,0.00035654170720316017,1,12,12,6,12,True
tamanho_matriz,3,size,5,Distribuido serial,distributed,5,0.0003410520002944395,1.6780000805738382e-05,0.04920071071640615,0.024600355358203076,2,2,12,6,2,True
tamanho_matriz,3,size,5,Distribuido hibrido,hybrid,5,0.004402037999170716,1.6780000805738382e-05,0.003811870958156087,0.00031765591317967393,2,12,12,6,12,True
tamanho_matriz,1,size,60,Serial,serial,60,0.007144015000449144,0.007144015000449144,1.0,1.0,1,1,12,6,1,True
tamanho_matriz,1,size,60,Paralelo local,parallel,60,0.0068869930000801105,0.007144015000449144,1.0373199160164739,0.08644332633470615,1,12,12,6,12,True
tamanho_matriz,1,size,60,Distribuido serial,distributed,60,0.004633689000911545,0.007144015000449144,1.5417553916639128,0.7708776958319564,2,2,12,6,2,True
tamanho_matriz,1,size,60,Distribuido hibrido,hybrid,60,0.008299032000650186,0.007144015000449144,0.8608250938048495,0.07173542448373746,2,12,12,6,12,True
tamanho_matriz,2,size,60,Serial,serial,60,0.00709702499989362,0.00709702499989362,1.0,1.0,1,1,12,6,1,True
tamanho_matriz,2,size,60,Paralelo local,parallel,60,0.006816093000452383,0.00709702499989362,1.0412159868450432,0.0867679989037536,1,12,12,6,12,True
tamanho_matriz,2,size,60,Distribuido serial,distributed,60,0.004696590000094147,0.00709702499989362,1.5111016715854169,0.7555508357927084,2,2,12,6,2,True
tamanho_matriz,2,size,60,Distribuido hibrido,hybrid,60,0.008185552000213647,0.00709702499989362,0.8670184979227282,0.07225154149356068,2,12,12,6,12,True
tamanho_matriz,3,size,60,Serial,serial,60,0.007124134999685339,0.007124134999685339,1.0,1.0,1,1,12,6,1,True
tamanho_matriz,3,size,60,Paralelo local,parallel,60,0.0071054750005714595,0.007124134999685339,1.0026261437993067,0.08355217864994223,1,12,12,6,12,True
tamanho_matriz,3,size,60,Distribuido serial,distributed,60,0.0047094000001379754,0.007124134999685339,1.5127479083273063,0.7563739541636532,2,2,12,6,2,True
tamanho_matriz,3,size,60,Distribuido hibrido,hybrid,60,0.008352632999958587,0.007124134999685339,0.8529208693498997,0.07107673911249164,2,12,12,6,12,True
tamanho_matriz,1,size,120,Serial,serial,120,0.0545598640001117,0.0545598640001117,1.0,1.0,1,1,12,6,1,True
tamanho_matriz,1,size,120,Paralelo local,parallel,120,0.019215031001294847,0.0545598640001117,2.839436688727438,0.23661972406061982,1,12,12,6,12,True
tamanho_matriz,1,size,120,Distribuido serial,distributed,120,0.03153678799935733,0.0545598640001117,1.7300387091172236,0.8650193545586118,2,2,12,6,2,True
tamanho_matriz,1,size,120,Distribuido hibrido,hybrid,120,0.023147416000938392,0.0545598640001117,2.3570606757099735,0.19642172297583113,2,12,12,6,12,True
tamanho_matriz,2,size,120,Serial,serial,120,0.05470119399979012,0.05470119399979012,1.0,1.0,1,1,12,6,1,True
tamanho_matriz,2,size,120,Paralelo local,parallel,120,0.021037053000327433,0.05470119399979012,2.6002308402673475,0.2166859033556123,1,12,12,6,12,True
tamanho_matriz,2,size,120,Distribuido serial,distributed,120,0.03144935800082749,0.05470119399979012,1.7393421512245444,0.8696710756122722,2,2,12,6,2,True
tamanho_matriz,2,size,120,Distribuido hibrido,hybrid,120,0.02145642499999667,0.05470119399979012,2.5494085804041733,0.2124507150336811,2,12,12,6,12,True
tamanho_matriz,3,size,120,Serial,serial,120,0.054748084001403186,0.054748084001403186,1.0,1.0,1,1,12,6,1,True
tamanho_matriz,3,size,120,Paralelo local,parallel,120,0.020288867999624927,0.054748084001403186,2.698429700583359,0.2248691417152799,1,12,12,6,12,True
tamanho_matriz,3,size,120,Distribuido serial,distributed,120,0.031990640998628805,0.054748084001403186,1.7113781497454152,0.8556890748727076,2,2,12,6,2,True
tamanho_matriz,3,size,120,Distribuido hibrido,hybrid,120,0.02218921999883605,0.054748084001403186,2.4673280090185696,0.20561066741821413,2,12,12,6,12,True
tamanho_matriz,1,size,250,Serial,serial,250,0.5070604310003546,0.5070604310003546,1.0,1.0,1,1,12,6,1,True
tamanho_matriz,1,size,250,Paralelo local,parallel,250,0.1092770159993961,0.5070604310003546,4.640137968291125,0.3866781640242604,1,12,12,6,12,True
tamanho_matriz,1,size,250,Distribuido serial,distributed,250,0.2628267300005973,0.5070604310003546,1.9292574655523136,0.9646287327761568,2,2,12,6,2,True
tamanho_matriz,1,size,250,Distribuido hibrido,hybrid,250,0.11055570400094439,0.5070604310003546,4.586470101949902,0.3822058418291585,2,12,12,6,12,True
tamanho_matriz,2,size,250,Serial,serial,250,0.48530156500055455,0.48530156500055455,1.0,1.0,1,1,12,6,1,True
tamanho_matriz,2,size,250,Paralelo local,parallel,250,0.09146656199845893,0.48530156500055455,5.305781199130794,0.44214843326089953,1,12,12,6,12,True
tamanho_matriz,2,size,250,Distribuido serial,distributed,250,0.25951741300013964,0.48530156500055455,1.8700154235904525,0.9350077117952262,2,2,12,6,2,True
tamanho_matriz,2,size,250,Distribuido hibrido,hybrid,250,0.1178986779996194,0.48530156500055455,4.116259598789744,0.3430216332324787,2,12,12,6,12,True
tamanho_matriz,3,size,250,Serial,serial,250,0.48492863200044667,0.48492863200044667,1.0,1.0,1,1,12,6,1,True
tamanho_matriz,3,size,250,Paralelo local,parallel,250,0.09006348100047035,0.48492863200044667,5.384298126317304,0.448691510526442,1,12,12,6,12,True
tamanho_matriz,3,size,250,Distribuido serial,distributed,250,0.26000782099981734,0.48492863200044667,1.865054020820348,0.932527010410174,2,2,12,6,2,True
tamanho_matriz,3,size,250,Distribuido hibrido,hybrid,250,0.09518085300078383,0.48492863200044667,5.09481284010402,0.42456773667533504,2,12,12,6,12,True
tamanho_matriz,1,size,500,Serial,serial,500,4.225953609999124,4.225953609999124,1.0,1.0,1,1,12,6,1,True
tamanho_matriz,1,size,500,Paralelo local,parallel,500,0.693972233999375,4.225953609999124,6.089513964622005,0.5074594970518337,1,12,12,6,12,True
tamanho_matriz,1,size,500,Distribuido serial,distributed,500,2.20381440500023,4.225953609999124,1.9175632940826894,0.9587816470413447,2,2,12,6,2,True
tamanho_matriz,1,size,500,Distribuido hibrido,hybrid,500,0.7109116649990028,4.225953609999124,5.944414500506264,0.49536787504218865,2,12,12,6,12,True
tamanho_matriz,2,size,500,Serial,serial,500,4.219060765000904,4.219060765000904,1.0,1.0,1,1,12,6,1,True
tamanho_matriz,2,size,500,Paralelo local,parallel,500,0.6777931810011069,4.219060765000904,6.224702288638124,0.5187251907198437,1,12,12,6,12,True
tamanho_matriz,2,size,500,Distribuido serial,distributed,500,2.2006208120001247,4.219060765000904,1.9172138798261376,0.9586069399130688,2,2,12,6,2,True
tamanho_matriz,2,size,500,Distribuido hibrido,hybrid,500,0.7110429459989973,4.219060765000904,5.933622981201552,0.494468581766796,2,12,12,6,12,True
tamanho_matriz,3,size,500,Serial,serial,500,4.2452336580008705,4.2452336580008705,1.0,1.0,1,1,12,6,1,True
tamanho_matriz,3,size,500,Paralelo local,parallel,500,0.6859277050007222,4.2452336580008705,6.189039496511372,0.5157532913759476,1,12,12,6,12,True
tamanho_matriz,3,size,500,Distribuido serial,distributed,500,2.2040271130008477,4.2452336580008705,1.9261258779257302,0.9630629389628651,2,2,12,6,2,True
tamanho_matriz,3,size,500,Distribuido hibrido,hybrid,500,0.712578875998588,4.2452336580008705,5.9575631568529435,0.49646359640441196,2,12,12,6,12,True
tamanho_matriz,1,size,750,Serial,serial,750,14.994889699999476,14.994889699999476,1.0,1.0,1,1,12,6,1,True
tamanho_matriz,1,size,750,Paralelo local,parallel,750,2.406618293000065,14.994889699999476,6.2306888232396025,0.5192240686033002,1,12,12,6,12,True
tamanho_matriz,1,size,750,Distribuido serial,distributed,750,7.593051463998563,14.994889699999476,1.9748173407089018,0.9874086703544509,2,2,12,6,2,True
tamanho_matriz,1,size,750,Distribuido hibrido,hybrid,750,2.536486490000243,14.994889699999476,5.911677337574954,0.49263977813124615,2,12,12,6,12,True
tamanho_matriz,2,size,750,Serial,serial,750,15.06526002999999,15.06526002999999,1.0,1.0,1,1,12,6,1,True
tamanho_matriz,2,size,750,Paralelo local,parallel,750,2.426964382000733,15.06526002999999,6.207449990502349,0.5172874992085291,1,12,12,6,12,True
tamanho_matriz,2,size,750,Distribuido serial,distributed,750,8.001508336999905,15.06526002999999,1.8828025161626685,0.9414012580813342,2,2,12,6,2,True
tamanho_matriz,2,size,750,Distribuido hibrido,hybrid,750,2.6751358620003884,15.06526002999999,5.631586882744202,0.46929890689535014,2,12,12,6,12,True
tamanho_matriz,3,size,750,Serial,serial,750,15.021227243001704,15.021227243001704,1.0,1.0,1,1,12,6,1,True
tamanho_matriz,3,size,750,Paralelo local,parallel,750,2.3878352160008944,15.021227243001704,6.290730257408214,0.5242275214506845,1,12,12,6,12,True
tamanho_matriz,3,size,750,Distribuido serial,distributed,750,7.880019240001275,15.021227243001704,1.9062424577277142,0.9531212288638571,2,2,12,6,2,True
tamanho_matriz,3,size,750,Distribuido hibrido,hybrid,750,2.7524518119989807,15.021227243001704,5.457398809860533,0.4547832341550444,2,12,12,6,12,True
quantidade_servidores,1,server_count,1,Serial,serial,250,0.4894173069988028,0.4894173069988028,1.0,1.0,1,1,12,12,1,True
quantidade_servidores,1,server_count,1,Paralelo local,parallel,250,0.11092433500016341,0.4894173069988028,4.412172558871611,0.3676810465726343,1,12,12,12,12,True
quantidade_servidores,1,server_count,1,Distribuido serial,distributed,250,0.5075724729995272,0.4894173069988028,0.9642313817898054,0.9642313817898054,1,1,12,12,1,True
quantidade_servidores,1,server_count,1,Distribuido hibrido,hybrid,250,0.3144134740014124,0.4894173069988028,1.55660411359026,0.129717009465855,1,12,12,12,12,True
quantidade_servidores,2,server_count,1,Serial,serial,250,0.4997723150008824,0.4997723150008824,1.0,1.0,1,1,12,12,1,True
quantidade_servidores,2,server_count,1,Paralelo local,parallel,250,0.09396548200129473,0.4997723150008824,5.318679842391444,0.443223320199287,1,12,12,12,12,True
quantidade_servidores,2,server_count,1,Distribuido serial,distributed,250,0.506874651000544,0.4997723150008824,0.985987983447896,0.985987983447896,1,1,12,12,1,True
quantidade_servidores,2,server_count,1,Distribuido hibrido,hybrid,250,0.10544269799902395,0.4997723150008824,4.739752723375009,0.39497939361458406,1,12,12,12,12,True
quantidade_servidores,3,server_count,1,Serial,serial,250,0.4860067469999194,0.4860067469999194,1.0,1.0,1,1,12,12,1,True
quantidade_servidores,3,server_count,1,Paralelo local,parallel,250,0.09368384900153615,0.4860067469999194,5.187732487292983,0.4323110406077486,1,12,12,12,12,True
quantidade_servidores,3,server_count,1,Distribuido serial,distributed,250,0.5067549590003182,0.4860067469999194,0.9590567164032711,0.9590567164032711,1,1,12,12,1,True
quantidade_servidores,3,server_count,1,Distribuido hibrido,hybrid,250,0.11518985399925441,0.4860067469999194,4.219180163237859,0.3515983469364883,1,12,12,12,12,True
quantidade_servidores,1,server_count,1,Serial,serial,500,4.27170704800119,4.27170704800119,1.0,1.0,1,1,12,12,1,True
quantidade_servidores,1,server_count,1,Paralelo local,parallel,500,0.7864359979994333,4.27170704800119,5.431728785136649,0.4526440654280541,1,12,12,12,12,True
quantidade_servidores,1,server_count,1,Distribuido serial,distributed,500,4.353226627001277,4.27170704800119,0.9812737571495923,0.9812737571495923,1,1,12,12,1,True
quantidade_servidores,1,server_count,1,Distribuido hibrido,hybrid,500,0.7564980019997165,4.27170704800119,5.646686490525312,0.470557207543776,1,12,12,12,12,True
quantidade_servidores,2,server_count,1,Serial,serial,500,4.305786149998312,4.305786149998312,1.0,1.0,1,1,12,12,1,True
quantidade_servidores,2,server_count,1,Paralelo local,parallel,500,0.7771412620004412,4.305786149998312,5.54054502126779,0.46171208510564915,1,12,12,12,12,True
quantidade_servidores,2,server_count,1,Distribuido serial,distributed,500,4.35449252699982,4.305786149998312,0.9888146835252313,0.9888146835252313,1,1,12,12,1,True
quantidade_servidores,2,server_count,1,Distribuido hibrido,hybrid,500,0.7578427429998555,4.305786149998312,5.681635391736057,0.47346961597800474,1,12,12,12,12,True
quantidade_servidores,3,server_count,1,Serial,serial,500,4.249075824000101,4.249075824000101,1.0,1.0,1,1,12,12,1,True
quantidade_servidores,3,server_count,1,Paralelo local,parallel,500,0.811483130999477,4.249075824000101,5.236185031679778,0.43634875263998146,1,12,12,12,12,True
quantidade_servidores,3,server_count,1,Distribuido serial,distributed,500,4.338464208000005,4.249075824000101,0.9793963071459542,0.9793963071459542,1,1,12,12,1,True
quantidade_servidores,3,server_count,1,Distribuido hibrido,hybrid,500,0.7542465530004847,4.249075824000101,5.633536947695365,0.4694614123079471,1,12,12,12,12,True
quantidade_servidores,1,server_count,2,Serial,serial,250,0.49360567800067656,0.49360567800067656,1.0,1.0,1,1,12,6,1,True
quantidade_servidores,1,server_count,2,Paralelo local,parallel,250,0.09200326199970732,0.49360567800067656,5.3650888813295206,0.44709074011079336,1,12,12,6,12,True
quantidade_servidores,1,server_count,2,Distribuido serial,distributed,250,0.25885672600088583,0.49360567800067656,1.9068682727563642,0.9534341363781821,2,2,12,6,2,True
quantidade_servidores,1,server_count,2,Distribuido hibrido,hybrid,250,0.3260358890001953,0.49360567800067656,1.5139611762200231,0.1261634313516686,2,12,12,6,12,True
quantidade_servidores,2,server_count,2,Serial,serial,250,0.4876178089998575,0.4876178089998575,1.0,1.0,1,1,12,6,1,True
quantidade_servidores,2,server_count,2,Paralelo local,parallel,250,0.0975486989991623,0.4876178089998575,4.998711556409839,0.4165592963674866,1,12,12,6,12,True
quantidade_servidores,2,server_count,2,Distribuido serial,distributed,250,0.26122189900161175,0.4876178089998575,1.866680438598484,0.933340219299242,2,2,12,6,2,True
quantidade_servidores,2,server_count,2,Distribuido hibrido,hybrid,250,0.09510149999914574,0.4876178089998575,5.127340883206233,0.4272784069338527,2,12,12,6,12,True
quantidade_servidores,3,server_count,2,Serial,serial,250,0.4866765980004857,0.4866765980004857,1.0,1.0,1,1,12,6,1,True
quantidade_servidores,3,server_count,2,Paralelo local,parallel,250,0.09054028399987146,0.4866765980004857,5.375249297883543,0.44793744149029524,1,12,12,6,12,True
quantidade_servidores,3,server_count,2,Distribuido serial,distributed,250,0.259356698999909,0.4866765980004857,1.876475910886946,0.938237955443473,2,2,12,6,2,True
quantidade_servidores,3,server_count,2,Distribuido hibrido,hybrid,250,0.11160362600094231,0.4866765980004857,4.36075973012182,0.36339664417681833,2,12,12,6,12,True
quantidade_servidores,1,server_count,2,Serial,serial,500,4.246821770999304,4.246821770999304,1.0,1.0,1,1,12,6,1,True
quantidade_servidores,1,server_count,2,Paralelo local,parallel,500,0.7246897610002634,4.246821770999304,5.8601928708604465,0.4883494059050372,1,12,12,6,12,True
quantidade_servidores,1,server_count,2,Distribuido serial,distributed,500,2.2293820530012454,4.246821770999304,1.9049322502987476,0.9524661251493738,2,2,12,6,2,True
quantidade_servidores,1,server_count,2,Distribuido hibrido,hybrid,500,0.717989304999719,4.246821770999304,5.914881658301256,0.49290680485843796,2,12,12,6,12,True
quantidade_servidores,2,server_count,2,Serial,serial,500,4.335931399000401,4.335931399000401,1.0,1.0,1,1,12,6,1,True
quantidade_servidores,2,server_count,2,Paralelo local,parallel,500,0.7199893609995343,4.335931399000401,6.022215929664558,0.5018513274720465,1,12,12,6,12,True
quantidade_servidores,2,server_count,2,Distribuido serial,distributed,500,2.202658357000473,4.335931399000401,1.9684992841581512,0.9842496420790756,2,2,12,6,2,True
quantidade_servidores,2,server_count,2,Distribuido hibrido,hybrid,500,0.7046206680006435,4.335931399000401,6.153568289876563,0.5127973574897136,2,12,12,6,12,True
quantidade_servidores,3,server_count,2,Serial,serial,500,4.2801103870006045,4.2801103870006045,1.0,1.0,1,1,12,6,1,True
quantidade_servidores,3,server_count,2,Paralelo local,parallel,500,0.6842514580002899,4.2801103870006045,6.2551717456461615,0.5212643121371802,1,12,12,6,12,True
quantidade_servidores,3,server_count,2,Distribuido serial,distributed,500,2.2025661890002084,4.2801103870006045,1.9432380322443057,0.9716190161221528,2,2,12,6,2,True
quantidade_servidores,3,server_count,2,Distribuido hibrido,hybrid,500,0.7147833909984911,4.2801103870006045,5.987982430623713,0.49899853588530946,2,12,12,6,12,True
quantidade_servidores,1,server_count,3,Serial,serial,250,0.4891149889990629,0.4891149889990629,1.0,1.0,1,1,12,4,1,True
quantidade_servidores,1,server_count,3,Paralelo local,parallel,250,0.09147118100008811,0.4891149889990629,5.347203169909786,0.44560026415914883,1,12,12,4,12,True
quantidade_servidores,1,server_count,3,Distribuido serial,distributed,250,0.1797216009999829,0.4891149889990629,2.721514755475105,0.9071715851583684,3,3,12,4,3,True
quantidade_servidores,1,server_count,3,Distribuido hibrido,hybrid,250,0.332349565000186,0.4891149889990629,1.4716883682359843,0.12264069735299869,3,12,12,4,12,True
quantidade_servidores,2,server_count,3,Serial,serial,250,0.48607865200028755,0.48607865200028755,1.0,1.0,1,1,12,4,1,True
quantidade_servidores,2,server_count,3,Paralelo local,parallel,250,0.09208326100088016,0.48607865200028755,5.27868634013343,0.4398905283444525,1,12,12,4,12,True
quantidade_servidores,2,server_count,3,Distribuido serial,distributed,250,0.1789128750006057,0.48607865200028755,2.716845570776513,0.9056151902588376,3,3,12,4,3,True
quantidade_servidores,2,server_count,3,Distribuido hibrido,hybrid,250,0.10655208399839466,0.48607865200028755,4.561887799469139,0.3801573166224283,3,12,12,4,12,True
quantidade_servidores,3,server_count,3,Serial,serial,250,0.4866357570008404,0.4866357570008404,1.0,1.0,1,1,12,4,1,True
quantidade_servidores,3,server_count,3,Paralelo local,parallel,250,0.0899528330010071,0.4866357570008404,5.409899174552869,0.4508249312127391,1,12,12,4,12,True
quantidade_servidores,3,server_count,3,Distribuido serial,distributed,250,0.1791506629997457,0.4866357570008404,2.716349182595719,0.9054497275319063,3,3,12,4,3,True
quantidade_servidores,3,server_count,3,Distribuido hibrido,hybrid,250,0.09724825600096665,0.4866357570008404,5.004056391468894,0.4170046992890745,3,12,12,4,12,True
quantidade_servidores,1,server_count,3,Serial,serial,500,4.253909658000339,4.253909658000339,1.0,1.0,1,1,12,4,1,True
quantidade_servidores,1,server_count,3,Paralelo local,parallel,500,0.6989945860004809,4.253909658000339,6.085754801536348,0.5071462334613623,1,12,12,4,12,True
quantidade_servidores,1,server_count,3,Distribuido serial,distributed,500,1.5044784370002162,4.253909658000339,2.8274979244516265,0.9424993081505422,3,3,12,4,3,True
quantidade_servidores,1,server_count,3,Distribuido hibrido,hybrid,500,0.7832884370000102,4.253909658000339,5.430834233035261,0.4525695194196051,3,12,12,4,12,True
quantidade_servidores,2,server_count,3,Serial,serial,500,4.260774959000628,4.260774959000628,1.0,1.0,1,1,12,4,1,True
quantidade_servidores,2,server_count,3,Paralelo local,parallel,500,0.6905160730002535,4.260774959000628,6.170421117770366,0.5142017598141971,1,12,12,4,12,True
quantidade_servidores,2,server_count,3,Distribuido serial,distributed,500,1.5107539769996947,4.260774959000628,2.8202970330499344,0.9400990110166448,3,3,12,4,3,True
quantidade_servidores,2,server_count,3,Distribuido hibrido,hybrid,500,0.7157743290008511,4.260774959000628,5.952679198411936,0.4960565998676613,3,12,12,4,12,True
quantidade_servidores,3,server_count,3,Serial,serial,500,4.277877327000169,4.277877327000169,1.0,1.0,1,1,12,4,1,True
quantidade_servidores,3,server_count,3,Paralelo local,parallel,500,0.677304829001514,4.277877327000169,6.316029568704886,0.5263357973920738,1,12,12,4,12,True
quantidade_servidores,3,server_count,3,Distribuido serial,distributed,500,1.5082645479997154,4.277877327000169,2.836291108660983,0.945430369553661,3,3,12,4,3,True
quantidade_servidores,3,server_count,3,Distribuido hibrido,hybrid,500,0.7031943860001775,4.277877327000169,6.083491865361806,0.5069576554468171,3,12,12,4,12,True
quantidade_servidores,1,server_count,4,Serial,serial,250,0.4879152419998718,0.4879152419998718,1.0,1.0,1,1,12,3,1,True
quantidade_servidores,1,server_count,4,Paralelo local,parallel,250,0.09008936099962739,0.4879152419998718,5.4159030165825,0.451325251381875,1,12,12,3,12,True
quantidade_servidores,1,server_count,4,Distribuido serial,distributed,250,0.14000092499918537,0.4879152419998718,3.4850858449878874,0.8712714612469719,4,4,12,3,4,True
quantidade_servidores,1,server_count,4,Distribuido hibrido,hybrid,250,0.32748335799988126,0.4879152419998718,1.489893242147739,0.12415777017897826,4,12,12,3,12,True
quantidade_servidores,2,server_count,4,Serial,serial,250,0.48680602999957046,0.48680602999957046,1.0,1.0,1,1,12,3,1,True
quantidade_servidores,2,server_count,4,Paralelo local,parallel,250,0.10499756999888632,0.48680602999957046,4.636355203313123,0.3863629336094269,1,12,12,3,12,True
quantidade_servidores,2,server_count,4,Distribuido serial,distributed,250,0.13830103899999813,0.48680602999957046,3.519901466536177,0.8799753666340443,4,4,12,3,4,True
quantidade_servidores,2,server_count,4,Distribuido hibrido,hybrid,250,0.10783146799985843,0.48680602999957046,4.514508046947943,0.37620900391232853,4,12,12,3,12,True
quantidade_servidores,3,server_count,4,Serial,serial,250,0.4889340710014949,0.4889340710014949,1.0,1.0,1,1,12,3,1,True
quantidade_servidores,3,server_count,4,Paralelo local,parallel,250,0.09051916000134952,0.4889340710014949,5.401442865733681,0.45012023881114005,1,12,12,3,12,True
quantidade_servidores,3,server_count,4,Distribuido serial,distributed,250,0.13983749100043497,0.4889340710014949,3.4964448196512197,0.8741112049128049,4,4,12,3,4,True
quantidade_servidores,3,server_count,4,Distribuido hibrido,hybrid,250,0.09198930399907113,0.4889340710014949,5.3151187121323575,0.44292655934436315,4,12,12,3,12,True
quantidade_servidores,1,server_count,4,Serial,serial,500,4.257711281999946,4.257711281999946,1.0,1.0,1,1,12,3,1,True
quantidade_servidores,1,server_count,4,Paralelo local,parallel,500,0.8191724340013025,4.257711281999946,5.19757636521394,0.4331313637678283,1,12,12,3,12,True
quantidade_servidores,1,server_count,4,Distribuido serial,distributed,500,1.1639446280005359,4.257711281999946,3.658001574623003,0.9145003936557508,4,4,12,3,4,True
quantidade_servidores,1,server_count,4,Distribuido hibrido,hybrid,500,0.7021709220007324,4.257711281999946,6.063639419684635,0.5053032849737196,4,12,12,3,12,True
quantidade_servidores,2,server_count,4,Serial,serial,500,4.274232244999439,4.274232244999439,1.0,1.0,1,1,12,3,1,True
quantidade_servidores,2,server_count,4,Paralelo local,parallel,500,0.7016950580000412,4.274232244999439,6.0912959215956,0.5076079934663,1,12,12,3,12,True
quantidade_servidores,2,server_count,4,Distribuido serial,distributed,500,1.1662172359992837,4.274232244999439,3.6650395081299108,0.9162598770324777,4,4,12,3,4,True
quantidade_servidores,2,server_count,4,Distribuido hibrido,hybrid,500,0.7104485119998571,4.274232244999439,6.016244911215042,0.5013537426012534,4,12,12,3,12,True
quantidade_servidores,3,server_count,4,Serial,serial,500,4.283842957000161,4.283842957000161,1.0,1.0,1,1,12,3,1,True
quantidade_servidores,3,server_count,4,Paralelo local,parallel,500,0.6858284619993356,4.283842957000161,6.246230937269429,0.5205192447724524,1,12,12,3,12,True
quantidade_servidores,3,server_count,4,Distribuido serial,distributed,500,1.1963852509998105,4.283842957000161,3.580655105385313,0.8951637763463283,4,4,12,3,4,True
quantidade_servidores,3,server_count,4,Distribuido hibrido,hybrid,500,0.7283151030005683,4.283842957000161,5.881853801124343,0.4901544834270286,4,12,12,3,12,True
workers_locais,1,local_workers,1,Serial,serial,1,1.06999996205559e-05,1.06999996205559e-05,1.0,1.0,1,1,1,6,1,True
workers_locais,1,local_workers,1,Paralelo local,parallel,1,4.999999873689376e-06,1.06999996205559e-05,2.1399999781721264,2.1399999781721264,1,1,1,6,1,True
workers_locais,1,local_workers,1,Distribuido serial,distributed,1,0.0007070810006553074,1.06999996205559e-05,0.01513263630424148,0.00756631815212074,2,2,1,6,2,True
workers_locais,1,local_workers,1,Distribuido hibrido,hybrid,1,0.00023562099886476062,1.06999996205559e-05,0.04541191011034368,0.00378432584252864,2,12,1,6,12,True
workers_locais,2,local_workers,1,Serial,serial,1,6.210000719875097e-06,6.210000719875097e-06,1.0,1.0,1,1,1,6,1,True
workers_locais,2,local_workers,1,Paralelo local,parallel,1,4.0499999158782884e-06,6.210000719875097e-06,1.5333335429288246,1.5333335429288246,1,1,1,6,1,True
workers_locais,2,local_workers,1,Distribuido serial,distributed,1,0.00019711099957930855,6.210000719875097e-06,0.031505094759445296,0.015752547379722648,2,2,1,6,2,True
workers_locais,2,local_workers,1,Distribuido hibrido,hybrid,1,0.00014396000005945098,6.210000719875097e-06,0.04313698747784497,0.0035947489564870806,2,12,1,6,12,True
workers_locais,3,local_workers,1,Serial,serial,1,4.909999915980734e-06,4.909999915980734e-06,1.0,1.0,1,1,1,6,1,True
workers_locais,3,local_workers,1,Paralelo local,parallel,1,2.970000423374586e-06,4.909999915980734e-06,1.6531983892453033,1.6531983892453033,1,1,1,6,1,True
workers_locais,3,local_workers,1,Distribuido serial,distributed,1,0.00012543000048026443,4.909999915980734e-06,0.03914533921056063,0.019572669605280316,2,2,1,6,2,True
workers_locais,3,local_workers,1,Distribuido hibrido,hybrid,1,0.00010438100071041845,4.909999915980734e-06,0.04703921099206954,0.003919934249339128,2,12,1,6,12,True
workers_locais,1,local_workers,1,Serial,serial,5,1.45800004247576e-05,1.45800004247576e-05,1.0,1.0,1,1,1,6,1,True
workers_locais,1,local_workers,1,Paralelo local,parallel,5,1.123000038205646e-05,1.45800004247576e-05,1.2983080969484064,1.2983080969484064,1,1,1,6,1,True
workers_locais,1,local_workers,1,Distribuido serial,distributed,5,0.00030766099916945677,1.45800004247576e-05,0.047389823422913195,0.023694911711456598,2,2,1,6,2,True
workers_locais,1,local_workers,1,Distribuido hibrido,hybrid,5,0.25264769199930015,1.45800004247576e-05,5.7708820964800214e-05,4.809068413733351e-06,2,12,1,6,12,True
workers_locais,2,local_workers,1,Serial,serial,5,1.6519999917363748e-05,1.6519999917363748e-05,1.0,1.0,1,1,1,6,1,True
workers_locais,2,local_workers,1,Paralelo local,parallel,5,1.1749998520826921e-05,1.6519999917363748e-05,1.4059576167675238,1.4059576167675238,1,1,1,6,1,True
workers_locais,2,local_workers,1,Distribuido serial,distributed,5,0.00034431099993526004,1.6519999917363748e-05,0.047979878425231735,0.023989939212615868,2,2,1,6,2,True
workers_locais,2,local_workers,1,Distribuido hibrido,hybrid,5,0.004286200000933604,1.6519999917363748e-05,0.0038542298338307642,0.00032118581948589704,2,12,1,6,12,True
workers_locais,3,local_workers,1,Serial,serial,5,1.655999949434772e-05,1.655999949434772e-05,1.0,1.0,1,1,1,6,1,True
workers_locais,3,local_workers,1,Paralelo local,parallel,5,1.1550000635907054e-05,1.655999949434772e-05,1.433766111048116,1.433766111048116,1,1,1,6,1,True
workers_locais,3,local_workers,1,Distribuido serial,distributed,5,0.0002749210016190773,1.655999949434772e-05,0.06023548363646945,0.030117741818234726,2,2,1,6,2,True
workers_locais,3,local_workers,1,Distribuido hibrido,hybrid,5,0.004335949999585864,1.655999949434772e-05,0.003819232116590229,0.0003182693430491857,2,12,1,6,12,True
workers_locais,1,local_workers,1,Serial,serial,60,0.007171186998675694,0.007171186998675694,1.0,1.0,1,1,1,6,1,True
workers_locais,1,local_workers,1,Paralelo local,parallel,60,0.007103717000063625,0.007171186998675694,1.0094978443836464,1.0094978443836464,1,1,1,6,1,True
workers_locais,1,local_workers,1,Distribuido serial,distributed,60,0.004611330999978236,0.007171186998675694,1.5551230216849625,0.7775615108424813,2,2,1,6,2,True
workers_locais,1,local_workers,1,Distribuido hibrido,hybrid,60,0.007611257000462501,0.007171186998675694,0.9421816919649322,0.07851514099707768,2,12,1,6,12,True
workers_locais,2,local_workers,1,Serial,serial,60,0.007146115998693858,0.007146115998693858,1.0,1.0,1,1,1,6,1,True
workers_locais,2,local_workers,1,Paralelo local,parallel,60,0.007125027001166018,0.007146115998693858,1.0029598480854023,1.0029598480854023,1,1,1,6,1,True
workers_locais,2,local_workers,1,Distribuido serial,distributed,60,0.004696320998846204,0.007146115998693858,1.521641301872151,0.7608206509360755,2,2,1,6,2,True
workers_locais,2,local_workers,1,Distribuido hibrido,hybrid,60,0.007658138001715997,0.007146115998693858,0.9331401441306741,0.07776167867755618,2,12,1,6,12,True
workers_locais,3,local_workers,1,Serial,serial,60,0.007149926999773015,0.007149926999773015,1.0,1.0,1,1,1,6,1,True
workers_locais,3,local_workers,1,Paralelo local,parallel,60,0.007189916999777779,0.007149926999773015,0.9944380442770063,0.9944380442770063,1,1,1,6,1,True
workers_locais,3,local_workers,1,Distribuido serial,distributed,60,0.004658650999772362,0.007149926999773015,1.5347633896856376,0.7673816948428188,2,2,1,6,2,True
workers_locais,3,local_workers,1,Distribuido hibrido,hybrid,60,0.007708207998803118,0.007149926999773015,0.9275731792503796,0.07729776493753164,2,12,1,6,12,True
workers_locais,1,local_workers,1,Serial,serial,120,0.054579207999267965,0.054579207999267965,1.0,1.0,1,1,1,6,1,True
workers_locais,1,local_workers,1,Paralelo local,parallel,120,0.054618637999737985,0.054579207999267965,0.9992780852486617,0.9992780852486617,1,1,1,6,1,True
workers_locais,1,local_workers,1,Distribuido serial,distributed,120,0.03104405199883331,0.054579207999267965,1.7581212659133267,0.8790606329566634,2,2,1,6,2,True
workers_locais,1,local_workers,1,Distribuido hibrido,hybrid,120,0.021907280999585055,0.054579207999267965,2.49137298235695,0.20761441519641252,2,12,1,6,12,True
workers_locais,2,local_workers,1,Serial,serial,120,0.05634575299882272,0.05634575299882272,1.0,1.0,1,1,1,6,1,True
workers_locais,2,local_workers,1,Paralelo local,parallel,120,0.055143428000519634,0.05634575299882272,1.021803595494494,1.021803595494494,1,1,1,6,1,True
workers_locais,2,local_workers,1,Distribuido serial,distributed,120,0.03235590599979332,0.05634575299882272,1.7414364165597043,0.8707182082798521,2,2,1,6,2,True
workers_locais,2,local_workers,1,Distribuido hibrido,hybrid,120,0.020527738000964746,0.05634575299882272,2.744859321381373,0.22873827678178107,2,12,1,6,12,True
workers_locais,3,local_workers,1,Serial,serial,120,0.05528618900098081,0.05528618900098081,1.0,1.0,1,1,1,6,1,True
workers_locais,3,local_workers,1,Paralelo local,parallel,120,0.0544784969988541,0.05528618900098081,1.014825886296821,1.014825886296821,1,1,1,6,1,True
workers_locais,3,local_workers,1,Distribuido serial,distributed,120,0.031136793000769103,0.05528618900098081,1.7755903441826908,0.8877951720913454,2,2,1,6,2,True
workers_locais,3,local_workers,1,Distribuido hibrido,hybrid,120,0.02031862799958617,0.05528618900098081,2.720960736232133,0.2267467280193444,2,12,1,6,12,True
workers_locais,1,local_workers,1,Serial,serial,250,0.49130860600052984,0.49130860600052984,1.0,1.0,1,1,1,6,1,True
workers_locais,1,local_workers,1,Paralelo local,parallel,250,0.4891015460016206,0.49130860600052984,1.0045124780670842,1.0045124780670842,1,1,1,6,1,True
workers_locais,1,local_workers,1,Distribuido serial,distributed,250,0.2602994030003174,0.49130860600052984,1.887474962821681,0.9437374814108405,2,2,1,6,2,True
workers_locais,1,local_workers,1,Distribuido hibrido,hybrid,250,0.1118981489998987,0.49130860600052984,4.390676793062722,0.36588973275522685,2,12,1,6,12,True
workers_locais,2,local_workers,1,Serial,serial,250,0.48921378100021684,0.48921378100021684,1.0,1.0,1,1,1,6,1,True
workers_locais,2,local_workers,1,Paralelo local,parallel,250,0.4890135460009333,0.48921378100021684,1.0004094671833144,1.0004094671833144,1,1,1,6,1,True
workers_locais,2,local_workers,1,Distribuido serial,distributed,250,0.2605112800010829,0.48921378100021684,1.8778986499094519,0.9389493249547259,2,2,1,6,2,True
workers_locais,2,local_workers,1,Distribuido hibrido,hybrid,250,0.09560672000043269,0.48921378100021684,5.116939279979512,0.4264116066649593,2,12,1,6,12,True
workers_locais,3,local_workers,1,Serial,serial,250,0.4861005019993172,0.4861005019993172,1.0,1.0,1,1,1,6,1,True
workers_locais,3,local_workers,1,Paralelo local,parallel,250,0.48587000199950126,0.4861005019993172,1.0004744067319804,1.0004744067319804,1,1,1,6,1,True
workers_locais,3,local_workers,1,Distribuido serial,distributed,250,0.2596203310004057,0.4861005019993172,1.8723514453825942,0.9361757226912971,2,2,1,6,2,True
workers_locais,3,local_workers,1,Distribuido hibrido,hybrid,250,0.09454596600153309,0.4861005019993172,5.141419804113429,0.42845165034278576,2,12,1,6,12,True
workers_locais,1,local_workers,1,Serial,serial,500,4.262315130001298,4.262315130001298,1.0,1.0,1,1,1,6,1,True
workers_locais,1,local_workers,1,Paralelo local,parallel,500,4.308651937000832,4.262315130001298,0.9892456369934146,0.9892456369934146,1,1,1,6,1,True
workers_locais,1,local_workers,1,Distribuido serial,distributed,500,2.2112098500001593,4.262315130001298,1.9275941313308598,0.9637970656654299,2,2,1,6,2,True
workers_locais,1,local_workers,1,Distribuido hibrido,hybrid,500,0.7336530550001044,4.262315130001298,5.809714961250576,0.48414291343754795,2,12,1,6,12,True
workers_locais,2,local_workers,1,Serial,serial,500,4.362863976999506,4.362863976999506,1.0,1.0,1,1,1,6,1,True
workers_locais,2,local_workers,1,Paralelo local,parallel,500,4.317830097999831,4.362863976999506,1.010429747807941,1.010429747807941,1,1,1,6,1,True
workers_locais,2,local_workers,1,Distribuido serial,distributed,500,2.2353177850000066,4.362863976999506,1.9517869030865753,0.9758934515432877,2,2,1,6,2,True
workers_locais,2,local_workers,1,Distribuido hibrido,hybrid,500,0.7500810990004538,4.362863976999506,5.816523017062274,0.4847102514218562,2,12,1,6,12,True
workers_locais,3,local_workers,1,Serial,serial,500,4.358436533999338,4.358436533999338,1.0,1.0,1,1,1,6,1,True
workers_locais,3,local_workers,1,Paralelo local,parallel,500,4.3264109780011495,4.358436533999338,1.0074023379103445,1.0074023379103445,1,1,1,6,1,True
workers_locais,3,local_workers,1,Distribuido serial,distributed,500,2.20726316100081,4.358436533999338,1.9745885361594808,0.9872942680797404,2,2,1,6,2,True
workers_locais,3,local_workers,1,Distribuido hibrido,hybrid,500,0.7368259480008419,4.358436533999338,5.915150716155776,0.4929292263463147,2,12,1,6,12,True
workers_locais,1,local_workers,1,Serial,serial,750,15.37765436600057,15.37765436600057,1.0,1.0,1,1,1,6,1,True
workers_locais,1,local_workers,1,Paralelo local,parallel,750,15.207857300998512,15.37765436600057,1.0111650879963814,1.0111650879963814,1,1,1,6,1,True
workers_locais,1,local_workers,1,Distribuido serial,distributed,750,7.716141593999055,15.37765436600057,1.9929201892769794,0.9964600946384897,2,2,1,6,2,True
workers_locais,1,local_workers,1,Distribuido hibrido,hybrid,750,2.4305483320003987,15.37765436600057,6.326825170904706,0.5272354309087255,2,12,1,6,12,True
workers_locais,2,local_workers,1,Serial,serial,750,15.04266825599916,15.04266825599916,1.0,1.0,1,1,1,6,1,True
workers_locais,2,local_workers,1,Paralelo local,parallel,750,15.107820961999096,15.04266825599916,0.9956874849017727,0.9956874849017727,1,1,1,6,1,True
workers_locais,2,local_workers,1,Distribuido serial,distributed,750,7.758359351000763,15.04266825599916,1.9388981066027553,0.9694490533013777,2,2,1,6,2,True
workers_locais,2,local_workers,1,Distribuido hibrido,hybrid,750,2.4658498110002256,15.04266825599916,6.10039921689204,0.50836660140767,2,12,1,6,12,True
workers_locais,3,local_workers,1,Serial,serial,750,15.149598374999186,15.149598374999186,1.0,1.0,1,1,1,6,1,True
workers_locais,3,local_workers,1,Paralelo local,parallel,750,14.936638478999157,15.149598374999186,1.0142575517442864,1.0142575517442864,1,1,1,6,1,True
workers_locais,3,local_workers,1,Distribuido serial,distributed,750,7.7610394330004056,15.149598374999186,1.9520063653564477,0.9760031826782238,2,2,1,6,2,True
workers_locais,3,local_workers,1,Distribuido hibrido,hybrid,750,2.59814148499936,15.149598374999186,5.830936637772411,0.48591138648103427,2,12,1,6,12,True
workers_locais,1,local_workers,2,Serial,serial,1,8.739998520468362e-06,8.739998520468362e-06,1.0,1.0,1,1,2,6,1,True
workers_locais,1,local_workers,2,Paralelo local,parallel,1,3.600000127335079e-06,8.739998520468362e-06,2.427777280924208,1.213888640462104,1,2,2,6,2,True
workers_locais,1,local_workers,2,Distribuido serial,distributed,1,0.00047156000073300675,8.739998520468362e-06,0.018534223655277484,0.009267111827638742,2,2,2,6,2,True
workers_locais,1,local_workers,2,Distribuido hibrido,hybrid,1,0.00031499100077780895,8.739998520468362e-06,0.02774681974687098,0.002312234978905915,2,12,2,6,12,True
workers_locais,2,local_workers,2,Serial,serial,1,5.840000085299835e-06,5.840000085299835e-06,1.0,1.0,1,1,2,6,1,True
workers_locais,2,local_workers,2,Paralelo local,parallel,1,4.819999958272092e-06,5.840000085299835e-06,1.211618285447745,0.6058091427238725,1,2,2,6,2,True
workers_locais,2,local_workers,2,Distribuido serial,distributed,1,0.000225349998800084,5.840000085299835e-06,0.025915243471914578,0.012957621735957289,2,2,2,6,2,True
workers_locais,2,local_workers,2,Distribuido hibrido,hybrid,1,0.0002638000005390495,5.840000085299835e-06,0.02213798359881109,0.0018448319665675908,2,12,2,6,12,True
workers_locais,3,local_workers,2,Serial,serial,1,5.079999027657323e-06,5.079999027657323e-06,1.0,1.0,1,1,2,6,1,True
workers_locais,3,local_workers,2,Paralelo local,parallel,1,4.13999987358693e-06,5.079999027657323e-06,1.2270529426987564,0.6135264713493782,1,2,2,6,2,True
workers_locais,3,local_workers,2,Distribuido serial,distributed,1,0.0002031700005318271,5.079999027657323e-06,0.025003686638576977,0.012501843319288488,2,2,2,6,2,True
workers_locais,3,local_workers,2,Distribuido hibrido,hybrid,1,0.0001460999992559664,5.079999027657323e-06,0.03477069851832916,0.0028975582098607635,2,12,2,6,12,True
workers_locais,1,local_workers,2,Serial,serial,5,2.1129999367985874e-05,2.1129999367985874e-05,1.0,1.0,1,1,2,6,1,True
workers_locais,1,local_workers,2,Paralelo local,parallel,5,0.006085471999540459,2.1129999367985874e-05,0.0034722038602069804,0.0017361019301034902,1,2,2,6,2,True
workers_locais,1,local_workers,2,Distribuido serial,distributed,5,0.0004407899996294873,2.1129999367985874e-05,0.04793665778658095,0.023968328893290473,2,2,2,6,2,True
workers_locais,1,local_workers,2,Distribuido hibrido,hybrid,5,0.26521746599973994,2.1129999367985874e-05,7.967046698201465e-05,6.639205581834554e-06,2,12,2,6,12,True
workers_locais,2,local_workers,2,Serial,serial,5,1.689000055193901e-05,1.689000055193901e-05,1.0,1.0,1,1,2,6,1,True
workers_locais,2,local_workers,2,Paralelo local,parallel,5,0.0036514509993139654,1.689000055193901e-05,0.004625558594408717,0.0023127792972043584,1,2,2,6,2,True
workers_locais,2,local_workers,2,Distribuido serial,distributed,5,0.0003838399989035679,1.689000055193901e-05,0.04400271102590922,0.02200135551295461,2,2,2,6,2,True
workers_locais,2,local_workers,2,Distribuido hibrido,hybrid,5,0.00522105199888756,1.689000055193901e-05,0.00323498033644134,0.000269581694703445,2,12,2,6,12,True
workers_locais,3,local_workers,2,Serial,serial,5,1.6599999071331695e-05,1.6599999071331695e-05,1.0,1.0,1,1,2,6,1,True
workers_locais,3,local_workers,2,Paralelo local,parallel,5,0.004049000999657437,1.6599999071331695e-05,0.004099776481343454,0.002049888240671727,1,2,2,6,2,True
workers_locais,3,local_workers,2,Distribuido serial,distributed,5,0.00033025999982783105,1.6599999071331695e-05,0.05026342602793404,0.02513171301396702,2,2,2,6,2,True
workers_locais,3,local_workers,2,Distribuido hibrido,hybrid,5,0.005034201998569188,1.6599999071331695e-05,0.0032974439794131657,0.0002747869982844305,2,12,2,6,12,True
workers_locais,1,local_workers,2,Serial,serial,60,0.007414272000460187,0.007414272000460187,1.0,1.0,1,1,2,6,1,True
workers_locais,1,local_workers,2,Paralelo local,parallel,60,0.008771982998950989,0.007414272000460187,0.8452218844184758,0.4226109422092379,1,2,2,6,2,True
workers_locais,1,local_workers,2,Distribuido serial,distributed,60,0.004683522000050289,0.007414272000460187,1.5830548037098102,0.7915274018549051,2,2,2,6,2,True
workers_locais,1,local_workers,2,Distribuido hibrido,hybrid,60,0.00899751299948548,0.007414272000460187,0.8240357086323932,0.06866964238603276,2,12,2,6,12,True
workers_locais,2,local_workers,2,Serial,serial,60,0.007179132000601385,0.007179132000601385,1.0,1.0,1,1,2,6,1,True
workers_locais,2,local_workers,2,Paralelo local,parallel,60,0.00885137299883354,0.007179132000601385,0.8110755248420185,0.40553776242100925,1,2,2,6,2,True
workers_locais,2,local_workers,2,Distribuido serial,distributed,60,0.004642042000341462,0.007179132000601385,1.546546110542149,0.7732730552710745,2,2,2,6,2,True
workers_locais,2,local_workers,2,Distribuido hibrido,hybrid,60,0.009901163999529672,0.007179132000601385,0.7250795967971453,0.06042329973309544,2,12,2,6,12,True
workers_locais,3,local_workers,2,Serial,serial,60,0.007341193000684143,0.007341193000684143,1.0,1.0,1,1,2,6,1,True
workers_locais,3,local_workers,2,Paralelo local,parallel,60,0.008495873000356369,0.007341193000684143,0.8640893055223646,0.4320446527611823,1,2,2,6,2,True
workers_locais,3,local_workers,2,Distribuido serial,distributed,60,0.004726131999632344,0.007341193000684143,1.5533195012867247,0.7766597506433623,2,2,2,6,2,True
workers_locais,3,local_workers,2,Distribuido hibrido,hybrid,60,0.008967703000962501,0.007341193000684143,0.818625795245027,0.06821881627041891,2,12,2,6,12,True
workers_locais,1,local_workers,2,Serial,serial,120,0.05700822999824595,0.05700822999824595,1.0,1.0,1,1,2,6,1,True
workers_locais,1,local_workers,2,Paralelo local,parallel,120,0.03705890399942291,0.05700822999824595,1.5383139770980194,0.7691569885490097,1,2,2,6,2,True
workers_locais,1,local_workers,2,Distribuido serial,distributed,120,0.03406509200067376,0.05700822999824595,1.6735087636668766,0.8367543818334383,2,2,2,6,2,True
workers_locais,1,local_workers,2,Distribuido hibrido,hybrid,120,0.02674146000026667,0.05700822999824595,2.1318293764692524,0.17765244803910438,2,12,2,6,12,True
workers_locais,2,local_workers,2,Serial,serial,120,0.05881567100004759,0.05881567100004759,1.0,1.0,1,1,2,6,1,True
workers_locais,2,local_workers,2,Paralelo local,parallel,120,0.03357817200048885,0.05881567100004759,1.7516043160178976,0.8758021580089488,1,2,2,6,2,True
workers_locais,2,local_workers,2,Distribuido serial,distributed,120,0.031263691000276594,0.05881567100004759,1.8812772618411318,0.9406386309205659,2,2,2,6,2,True
workers_locais,2,local_workers,2,Distribuido hibrido,hybrid,120,0.021907047999775386,0.05881567100004759,2.6847830433680806,0.22373192028067337,2,12,2,6,12,True
workers_locais,3,local_workers,2,Serial,serial,120,0.05544358899896906,0.05544358899896906,1.0,1.0,1,1,2,6,1,True
workers_locais,3,local_workers,2,Paralelo local,parallel,120,0.03398938200007251,0.05544358899896906,1.6312032092507827,0.8156016046253913,1,2,2,6,2,True
workers_locais,3,local_workers,2,Distribuido serial,distributed,120,0.03195660100027453,0.05544358899896906,1.7349651484678474,0.8674825742339237,2,2,2,6,2,True
workers_locais,3,local_workers,2,Distribuido hibrido,hybrid,120,0.025373899001351674,0.05544358899896906,2.1850638325633582,0.18208865271361319,2,12,2,6,12,True
workers_locais,1,local_workers,2,Serial,serial,250,0.4942760419999104,0.4942760419999104,1.0,1.0,1,1,2,6,1,True
workers_locais,1,local_workers,2,Paralelo local,parallel,250,0.25518473900046956,0.4942760419999104,1.9369341753583504,0.9684670876791752,1,2,2,6,2,True
workers_locais,1,local_workers,2,Distribuido serial,distributed,250,0.26477058000091347,0.4942760419999104,1.8668087745934805,0.9334043872967402,2,2,2,6,2,True
workers_locais,1,local_workers,2,Distribuido hibrido,hybrid,250,0.10464164599943615,0.4942760419999104,4.723511726894794,0.3936259772412329,2,12,2,6,12,True
workers_locais,2,local_workers,2,Serial,serial,250,0.48832730499998434,0.48832730499998434,1.0,1.0,1,1,2,6,1,True
workers_locais,2,local_workers,2,Paralelo local,parallel,250,0.25375891599833267,0.48832730499998434,1.9243749646345152,0.9621874823172576,1,2,2,6,2,True
workers_locais,2,local_workers,2,Distribuido serial,distributed,250,0.2608866250011488,0.48832730499998434,1.8717989279743033,0.9358994639871516,2,2,2,6,2,True
workers_locais,2,local_workers,2,Distribuido hibrido,hybrid,250,0.11348743700000341,0.48832730499998434,4.30291949407554,0.35857662450629496,2,12,2,6,12,True
workers_locais,3,local_workers,2,Serial,serial,250,0.4915582620014902,0.4915582620014902,1.0,1.0,1,1,2,6,1,True
workers_locais,3,local_workers,2,Paralelo local,parallel,250,0.2541583410002204,0.4915582620014902,1.9340630729135266,0.9670315364567633,1,2,2,6,2,True
workers_locais,3,local_workers,2,Distribuido serial,distributed,250,0.2588836919985624,0.4915582620014902,1.8987610158318502,0.9493805079159251,2,2,2,6,2,True
workers_locais,3,local_workers,2,Distribuido hibrido,hybrid,250,0.09617992099992989,0.4915582620014902,5.110819980834134,0.42590166506951116,2,12,2,6,12,True
workers_locais,1,local_workers,2,Serial,serial,500,4.300830035999752,4.300830035999752,1.0,1.0,1,1,2,6,1,True
workers_locais,1,local_workers,2,Paralelo local,parallel,500,2.188787750999836,4.300830035999752,1.9649369995035548,0.9824684997517774,1,2,2,6,2,True
workers_locais,1,local_workers,2,Distribuido serial,distributed,500,2.2671915589999116,4.300830035999752,1.8969857306177098,0.9484928653088549,2,2,2,6,2,True
workers_locais,1,local_workers,2,Distribuido hibrido,hybrid,500,0.7669927310016647,4.300830035999752,5.607393476054231,0.4672827896711859,2,12,2,6,12,True
workers_locais,2,local_workers,2,Serial,serial,500,4.345572692998758,4.345572692998758,1.0,1.0,1,1,2,6,1,True
workers_locais,2,local_workers,2,Paralelo local,parallel,500,2.1622036839999055,4.345572692998758,2.00978877482985,1.004894387414925,1,2,2,6,2,True
workers_locais,2,local_workers,2,Distribuido serial,distributed,500,2.214649253999596,4.345572692998758,1.9621945484824614,0.9810972742412307,2,2,2,6,2,True
workers_locais,2,local_workers,2,Distribuido hibrido,hybrid,500,0.8756117599987192,4.345572692998758,4.962898959928443,0.4135749133273703,2,12,2,6,12,True
workers_locais,3,local_workers,2,Serial,serial,500,4.29991402000087,4.29991402000087,1.0,1.0,1,1,2,6,1,True
workers_locais,3,local_workers,2,Paralelo local,parallel,500,2.2118802490003873,4.29991402000087,1.9440085067643809,0.9720042533821904,1,2,2,6,2,True
workers_locais,3,local_workers,2,Distribuido serial,distributed,500,2.222813242000484,4.29991402000087,1.9344468256501115,0.9672234128250558,2,2,2,6,2,True
workers_locais,3,local_workers,2,Distribuido hibrido,hybrid,500,0.8090743760003534,4.29991402000087,5.314609073713875,0.44288408947615626,2,12,2,6,12,True
workers_locais,1,local_workers,2,Serial,serial,750,15.710962283999834,15.710962283999834,1.0,1.0,1,1,2,6,1,True
workers_locais,1,local_workers,2,Paralelo local,parallel,750,7.59868862699841,15.710962283999834,2.0675886399895673,1.0337943199947837,1,2,2,6,2,True
workers_locais,1,local_workers,2,Distribuido serial,distributed,750,7.773948699999892,15.710962283999834,2.020975811687573,1.0104879058437866,2,2,2,6,2,True
workers_locais,1,local_workers,2,Distribuido hibrido,hybrid,750,2.4420193580008345,15.710962283999834,6.433594489136914,0.5361328740947429,2,12,2,6,12,True
workers_locais,2,local_workers,2,Serial,serial,750,15.947285348998776,15.947285348998776,1.0,1.0,1,1,2,6,1,True
workers_locais,2,local_workers,2,Paralelo local,parallel,750,7.70942642800037,15.947285348998776,2.0685436845312886,1.0342718422656443,1,2,2,6,2,True
workers_locais,2,local_workers,2,Distribuido serial,distributed,750,7.744490908000444,15.947285348998776,2.0591780064619143,1.0295890032309571,2,2,2,6,2,True
workers_locais,2,local_workers,2,Distribuido hibrido,hybrid,750,2.4726370429998497,15.947285348998776,6.449505152463149,0.5374587627052624,2,12,2,6,12,True
workers_locais,3,local_workers,2,Serial,serial,750,15.448843365000357,15.448843365000357,1.0,1.0,1,1,2,6,1,True
workers_locais,3,local_workers,2,Paralelo local,parallel,750,7.606940358000429,15.448843365000357,2.0308879310132073,1.0154439655066037,1,2,2,6,2,True
workers_locais,3,local_workers,2,Distribuido serial,distributed,750,7.923365216000093,15.448843365000357,1.949783071188445,0.9748915355942225,2,2,2,6,2,True
workers_locais,3,local_workers,2,Distribuido hibrido,hybrid,750,2.7561581959998875,15.448843365000357,5.6052092319743565,0.4671007693311964,2,12,2,6,12,True
workers_locais,1,local_workers,4,Serial,serial,1,8.130000423989259e-06,8.130000423989259e-06,1.0,1.0,1,1,4,6,1,True
workers_locais,1,local_workers,4,Paralelo local,parallel,1,3.7099998735357076e-06,8.130000423989259e-06,2.1913748520538894,0.5478437130134723,1,4,4,6,4,True
workers_locais,1,local_workers,4,Distribuido serial,distributed,1,0.0003869699994538678,8.130000423989259e-06,0.02100938169745241,0.010504690848726204,2,2,4,6,2,True
workers_locais,1,local_workers,4,Distribuido hibrido,hybrid,1,0.00014745000044058543,8.130000423989259e-06,0.05513733740045135,0.004594778116704279,2,12,4,6,12,True
workers_locais,2,local_workers,4,Serial,serial,1,4.379999154480174e-06,4.379999154480174e-06,1.0,1.0,1,1,4,6,1,True
workers_locais,2,local_workers,4,Paralelo local,parallel,1,2.869999661925249e-06,4.379999154480174e-06,1.5261322893473757,0.3815330723368439,1,4,4,6,4,True
workers_locais,2,local_workers,4,Distribuido serial,distributed,1,0.00010780999946291558,4.379999154480174e-06,0.040627021392267086,0.020313510696133543,2,2,4,6,2,True
workers_locais,2,local_workers,4,Distribuido hibrido,hybrid,1,8.653000077174511e-05,4.379999154480174e-06,0.05061827245366659,0.0042181893711388824,2,12,4,6,12,True
workers_locais,3,local_workers,4,Serial,serial,1,3.200000719516538e-06,3.200000719516538e-06,1.0,1.0,1,1,4,6,1,True
workers_locais,3,local_workers,4,Paralelo local,parallel,1,2.7599999157246202e-06,3.200000719516538e-06,1.1594205859518654,0.28985514648796634,1,4,4,6,4,True
workers_locais,3,local_workers,4,Distribuido serial,distributed,1,8.336999962921254e-05,3.200000719516538e-06,0.0383831202320801,0.01919156011604005,2,2,4,6,2,True
workers_locais,3,local_workers,4,Distribuido hibrido,hybrid,1,7.704900053795427e-05,3.200000719516538e-06,0.04153202114465093,0.0034610017620542444,2,12,4,6,12,True
workers_locais,1,local_workers,4,Serial,serial,5,1.3650000255438499e-05,1.3650000255438499e-05,1.0,1.0,1,1,4,6,1,True
workers_locais,1,local_workers,4,Paralelo local,parallel,5,0.00478546599879337,1.3650000255438499e-05,0.0028523868435968982,0.0007130967108992246,1,4,4,6,4,True
workers_locais,1,local_workers,4,Distribuido serial,distributed,5,0.000312550000671763,1.3650000255438499e-05,0.04367301304143525,0.021836506520717624,2,2,4,6,2,True
workers_locais,1,local_workers,4,Distribuido hibrido,hybrid,5,0.26968103400031396,1.3650000255438499e-05,5.061535122793473e-05,4.217945935661228e-06,2,12,4,6,12,True
workers_locais,2,local_workers,4,Serial,serial,5,1.8909999198513106e-05,1.8909999198513106e-05,1.0,1.0,1,1,4,6,1,True
workers_locais,2,local_workers,4,Paralelo local,parallel,5,0.005273345001114649,1.8909999198513106e-05,0.003585959043930564,0.000896489760982641,1,4,4,6,4,True
workers_locais,2,local_workers,4,Distribuido serial,distributed,5,0.00037469900053110905,1.8909999198513106e-05,0.05046717277523968,0.02523358638761984,2,2,4,6,2,True
workers_locais,2,local_workers,4,Distribuido hibrido,hybrid,5,0.005730405000576866,1.8909999198513106e-05,0.003299941137949147,0.0002749950948290956,2,12,4,6,12,True
workers_locais,3,local_workers,4,Serial,serial,5,1.7270000171265565e-05,1.7270000171265565e-05,1.0,1.0,1,1,4,6,1,True
workers_locais,3,local_workers,4,Paralelo local,parallel,5,0.005334425999535597,1.7270000171265565e-05,0.0032374617574166464,0.0008093654393541616,1,4,4,6,4,True
workers_locais,3,local_workers,4,Distribuido serial,distributed,5,0.000347629000316374,1.7270000171265565e-05,0.049679400037247454,0.024839700018623727,2,2,4,6,2,True
workers_locais,3,local_workers,4,Distribuido hibrido,hybrid,5,0.0064511349992244504,1.7270000171265565e-05,0.0026770483292229584,0.00022308736076857987,2,12,4,6,12,True
workers_locais,1,local_workers,4,Serial,serial,60,0.007222164000268094,0.007222164000268094,1.0,1.0,1,1,4,6,1,True
workers_locais,1,local_workers,4,Paralelo local,parallel,60,0.010125991000677459,0.007222164000268094,0.7132303396067515,0.17830758490168788,1,4,4,6,4,True
workers_locais,1,local_workers,4,Distribuido serial,distributed,60,0.0052237050003896,0.007222164000268094,1.3825750113625181,0.6912875056812591,2,2,4,6,2,True
workers_locais,1,local_workers,4,Distribuido hibrido,hybrid,60,0.011001511000358732,0.007222164000268094,0.6564701885070694,0.05470584904225578,2,12,4,6,12,True
workers_locais,2,local_workers,4,Serial,serial,60,0.007441562998792506,0.007441562998792506,1.0,1.0,1,1,4,6,1,True
workers_locais,2,local_workers,4,Paralelo local,parallel,60,0.008965482000348857,0.007441562998792506,0.8300237509263804,0.2075059377315951,1,4,4,6,4,True
workers_locais,2,local_workers,4,Distribuido serial,distributed,60,0.005032306000430253,0.007441562998792506,1.4787580481306712,0.7393790240653356,2,2,4,6,2,True
workers_locais,2,local_workers,4,Distribuido hibrido,hybrid,60,0.008378512000490446,0.007441562998792506,0.8881723864997634,0.07401436554164695,2,12,4,6,12,True
workers_locais,3,local_workers,4,Serial,serial,60,0.007480513000700739,0.007480513000700739,1.0,1.0,1,1,4,6,1,True
workers_locais,3,local_workers,4,Paralelo local,parallel,60,0.007678842999666813,0.007480513000700739,0.9741718903518826,0.24354297258797064,1,4,4,6,4,True
workers_locais,3,local_workers,4,Distribuido serial,distributed,60,0.004670025999075733,0.007480513000700739,1.601813994650403,0.8009069973252015,2,2,4,6,2,True
workers_locais,3,local_workers,4,Distribuido hibrido,hybrid,60,0.01070723100019677,0.007480513000700739,0.6986412267152233,0.05822010222626861,2,12,4,6,12,True
workers_locais,1,local_workers,4,Serial,serial,120,0.05511972199929005,0.05511972199929005,1.0,1.0,1,1,4,6,1,True
workers_locais,1,local_workers,4,Paralelo local,parallel,120,0.022590750000745174,0.05511972199929005,2.4399243937218498,0.6099810984304624,1,4,4,6,4,True
workers_locais,1,local_workers,4,Distribuido serial,distributed,120,0.03300428100010322,0.05511972199929005,1.6700779513759947,0.8350389756879973,2,2,4,6,2,True
workers_locais,1,local_workers,4,Distribuido hibrido,hybrid,120,0.025425236999581102,0.05511972199929005,2.1679137936923927,0.1806594828076994,2,12,4,6,12,True
workers_locais,2,local_workers,4,Serial,serial,120,0.056987609999850974,0.056987609999850974,1.0,1.0,1,1,4,6,1,True
workers_locais,2,local_workers,4,Paralelo local,parallel,120,0.023945169001308386,0.056987609999850974,2.3799209768257272,0.5949802442064318,1,4,4,6,4,True
workers_locais,2,local_workers,4,Distribuido serial,distributed,120,0.03264933100035705,0.056987609999850974,1.7454449525850242,0.8727224762925121,2,2,4,6,2,True
workers_locais,2,local_workers,4,Distribuido hibrido,hybrid,120,0.022994860000835615,0.056987609999850974,2.47827601463023,0.20652300121918585,2,12,4,6,12,True
workers_locais,3,local_workers,4,Serial,serial,120,0.055632501000218326,0.055632501000218326,1.0,1.0,1,1,4,6,1,True
workers_locais,3,local_workers,4,Paralelo local,parallel,120,0.022924559998500627,0.055632501000218326,2.426764177975802,0.6066910444939505,1,4,4,6,4,True
workers_locais,3,local_workers,4,Distribuido serial,distributed,120,0.031396472000778886,0.055632501000218326,1.7719347893240422,0.8859673946620211,2,2,4,6,2,True
workers_locais,3,local_workers,4,Distribuido hibrido,hybrid,120,0.023520920000009937,0.055632501000218326,2.365234905785778,0.1971029088154815,2,12,4,6,12,True
workers_locais,1,local_workers,4,Serial,serial,250,0.4968936620007298,0.4968936620007298,1.0,1.0,1,1,4,6,1,True
workers_locais,1,local_workers,4,Paralelo local,parallel,250,0.14216189400030999,0.4968936620007298,3.4952661927791024,0.8738165481947756,1,4,4,6,4,True
workers_locais,1,local_workers,4,Distribuido serial,distributed,250,0.2626895579996926,0.4968936620007298,1.891562290425382,0.945781145212691,2,2,4,6,2,True
workers_locais,1,local_workers,4,Distribuido hibrido,hybrid,250,0.11193595099939557,0.4968936620007298,4.4390891180565655,0.3699240931713805,2,12,4,6,12,True
workers_locais,2,local_workers,4,Serial,serial,250,0.49067668300085643,0.49067668300085643,1.0,1.0,1,1,4,6,1,True
workers_locais,2,local_workers,4,Paralelo local,parallel,250,0.13977490500110434,0.49067668300085643,3.5104776712027075,0.8776194178006769,1,4,4,6,4,True
workers_locais,2,local_workers,4,Distribuido serial,distributed,250,0.2615524970005936,0.49067668300085643,1.876016052715195,0.9380080263575975,2,2,4,6,2,True
workers_locais,2,local_workers,4,Distribuido hibrido,hybrid,250,0.11929964400042081,0.49067668300085643,4.112976925556674,0.34274807712972283,2,12,4,6,12,True
workers_locais,3,local_workers,4,Serial,serial,250,0.49060366899902874,0.49060366899902874,1.0,1.0,1,1,4,6,1,True
workers_locais,3,local_workers,4,Paralelo local,parallel,250,0.14269752200016228,0.49060366899902874,3.4380671936158134,0.8595167984039533,1,4,4,6,4,True
workers_locais,3,local_workers,4,Distribuido serial,distributed,250,0.2610673039998801,0.49060366899902874,1.8792229493405044,0.9396114746702522,2,2,4,6,2,True
workers_locais,3,local_workers,4,Distribuido hibrido,hybrid,250,0.10350984699834953,0.49060366899902874,4.739681133978021,0.39497342783150174,2,12,4,6,12,True
workers_locais,1,local_workers,4,Serial,serial,500,4.483024443999966,4.483024443999966,1.0,1.0,1,1,4,6,1,True
workers_locais,1,local_workers,4,Paralelo local,parallel,500,1.1283790140005294,4.483024443999966,3.972977508776907,0.9932443771942268,1,4,4,6,4,True
workers_locais,1,local_workers,4,Distribuido serial,distributed,500,2.2110506129993155,4.483024443999966,2.027553968074341,1.0137769840371704,2,2,4,6,2,True
workers_locais,1,local_workers,4,Distribuido hibrido,hybrid,500,0.7597476930004632,4.483024443999966,5.900675296946552,0.4917229414122127,2,12,4,6,12,True
workers_locais,2,local_workers,4,Serial,serial,500,4.290293185000337,4.290293185000337,1.0,1.0,1,1,4,6,1,True
workers_locais,2,local_workers,4,Paralelo local,parallel,500,1.1302447179987212,4.290293185000337,3.7958975757011157,0.9489743939252789,1,4,4,6,4,True
workers_locais,2,local_workers,4,Distribuido serial,distributed,500,2.2009020269997563,4.290293185000337,1.949334015039649,0.9746670075198245,2,2,4,6,2,True
workers_locais,2,local_workers,4,Distribuido hibrido,hybrid,500,0.7819010420007544,4.290293185000337,5.487002772143892,0.457250231011991,2,12,4,6,12,True
workers_locais,3,local_workers,4,Serial,serial,500,4.326650724999126,4.326650724999126,1.0,1.0,1,1,4,6,1,True
workers_locais,3,local_workers,4,Paralelo local,parallel,500,1.1420919110005343,4.326650724999126,3.7883559837217886,0.9470889959304472,1,4,4,6,4,True
workers_locais,3,local_workers,4,Distribuido serial,distributed,500,2.2046280599988677,4.326650724999126,1.9625309155329125,0.9812654577664562,2,2,4,6,2,True
workers_locais,3,local_workers,4,Distribuido hibrido,hybrid,500,0.7002646800010552,4.326650724999126,6.178593392704894,0.5148827827254078,2,12,4,6,12,True
workers_locais,1,local_workers,4,Serial,serial,750,15.193376376000742,15.193376376000742,1.0,1.0,1,1,4,6,1,True
workers_locais,1,local_workers,4,Paralelo local,parallel,750,3.9773616550010047,15.193376376000742,3.8199635069385978,0.9549908767346494,1,4,4,6,4,True
workers_locais,1,local_workers,4,Distribuido serial,distributed,750,7.7024347330007,15.193376376000742,1.9725420471147224,0.9862710235573612,2,2,4,6,2,True
workers_locais,1,local_workers,4,Distribuido hibrido,hybrid,750,2.50036933499905,15.193376376000742,6.07645285171701,0.5063710709764175,2,12,4,6,12,True
workers_locais,2,local_workers,4,Serial,serial,750,15.353841690999616,15.353841690999616,1.0,1.0,1,1,4,6,1,True
workers_locais,2,local_workers,4,Paralelo local,parallel,750,4.059468645999004,15.353841690999616,3.782229407322138,0.9455573518305345,1,4,4,6,4,True
workers_locais,2,local_workers,4,Distribuido serial,distributed,750,7.832471437999629,15.353841690999616,1.960280584811287,0.9801402924056435,2,2,4,6,2,True
workers_locais,2,local_workers,4,Distribuido hibrido,hybrid,750,2.5265316650002205,15.353841690999616,6.077043048260499,0.5064202540217083,2,12,4,6,12,True
workers_locais,3,local_workers,4,Serial,serial,750,15.5015218239987,15.5015218239987,1.0,1.0,1,1,4,6,1,True
workers_locais,3,local_workers,4,Paralelo local,parallel,750,4.05784295200101,15.5015218239987,3.8201384349669234,0.9550346087417309,1,4,4,6,4,True
workers_locais,3,local_workers,4,Distribuido serial,distributed,750,7.811117125000237,15.5015218239987,1.9845460740032406,0.9922730370016203,2,2,4,6,2,True
workers_locais,3,local_workers,4,Distribuido hibrido,hybrid,750,2.4163333980013704,15.5015218239987,6.4153075220582245,0.5346089601715187,2,12,4,6,12,True
workers_locais,1,local_workers,8,Serial,serial,1,8.299999535665847e-06,8.299999535665847e-06,1.0,1.0,1,1,8,6,1,True
workers_locais,1,local_workers,8,Paralelo local,parallel,1,3.719998858286999e-06,8.299999535665847e-06,2.2311833556550784,0.2788979194568848,1,8,8,6,8,True
workers_locais,1,local_workers,8,Distribuido serial,distributed,1,0.00040541899943491444,8.299999535665847e-06,0.020472645700459632,0.010236322850229816,2,2,8,6,2,True
workers_locais,1,local_workers,8,Distribuido hibrido,hybrid,1,0.00022583999998460058,8.299999535665847e-06,0.03675168055363001,0.0030626400461358345,2,12,8,6,12,True
workers_locais,2,local_workers,8,Serial,serial,1,4.569999873638153e-06,4.569999873638153e-06,1.0,1.0,1,1,8,6,1,True
workers_locais,2,local_workers,8,Paralelo local,parallel,1,3.099999958067201e-06,4.569999873638153e-06,1.474193527566198,0.18427419094577474,1,8,8,6,8,True
workers_locais,2,local_workers,8,Distribuido serial,distributed,1,0.00012907999916933477,4.569999873638153e-06,0.03540439962075734,0.01770219981037867,2,2,8,6,2,True
workers_locais,2,local_workers,8,Distribuido hibrido,hybrid,1,0.00017402899902663194,4.569999873638153e-06,0.02625999057167937,0.0021883325476399476,2,12,8,6,12,True
workers_locais,3,local_workers,8,Serial,serial,1,3.4000004234258085e-06,3.4000004234258085e-06,1.0,1.0,1,1,8,6,1,True
workers_locais,3,local_workers,8,Paralelo local,parallel,1,2.5600002118153498e-06,3.4000004234258085e-06,1.3281250555111466,0.16601563193889332,1,8,8,6,8,True
workers_locais,3,local_workers,8,Distribuido serial,distributed,1,0.00011231999997107778,3.4000004234258085e-06,0.03027065904826659,0.015135329524133295,2,2,8,6,2,True
workers_locais,3,local_workers,8,Distribuido hibrido,hybrid,1,8.667000111017842e-05,3.4000004234258085e-06,0.039229264796057754,0.0032691053996714795,2,12,8,6,12,True
workers_locais,1,local_workers,8,Serial,serial,5,1.4069999451749027e-05,1.4069999451749027e-05,1.0,1.0,1,1,8,6,1,True
workers_locais,1,local_workers,8,Paralelo local,parallel,5,0.00519614099903265,1.4069999451749027e-05,0.002707778610004693,0.00033847232625058664,1,8,8,6,8,True
workers_locais,1,local_workers,8,Distribuido serial,distributed,5,0.00032648900014464743,1.4069999451749027e-05,0.04309486520377552,0.02154743260188776,2,2,8,6,2,True
workers_locais,1,local_workers,8,Distribuido hibrido,hybrid,5,0.24933319100091467,1.4069999451749027e-05,5.643051129802214e-05,4.702542608168511e-06,2,12,8,6,12,True
workers_locais,2,local_workers,8,Serial,serial,5,1.6760001017246395e-05,1.6760001017246395e-05,1.0,1.0,1,1,8,6,1,True
workers_locais,2,local_workers,8,Paralelo local,parallel,5,0.004555023000648362,1.6760001017246395e-05,0.003679454750252804,0.0004599318437816005,1,8,8,6,8,True
workers_locais,2,local_workers,8,Distribuido serial,distributed,5,0.00034634900111996103,1.6760001017246395e-05,0.04839049907189258,0.02419524953594629,2,2,8,6,2,True
workers_locais,2,local_workers,8,Distribuido hibrido,hybrid,5,0.005199761000767467,1.6760001017246395e-05,0.003223225262617393,0.00026860210521811607,2,12,8,6,12,True
workers_locais,3,local_workers,8,Serial,serial,5,1.64400007633958e-05,1.64400007633958e-05,1.0,1.0,1,1,8,6,1,True
workers_locais,3,local_workers,8,Paralelo local,parallel,5,0.004188212998997187,1.64400007633958e-05,0.003925301976602466,0.0004906627470753083,1,8,8,6,8,True
workers_locais,3,local_workers,8,Distribuido serial,distributed,5,0.00030115900153759867,1.64400007633958e-05,0.05458910635066415,0.027294553175332074,2,2,8,6,2,True
workers_locais,3,local_workers,8,Distribuido hibrido,hybrid,5,0.0042705030009528855,1.64400007633958e-05,0.0038496637889558942,0.0003208053157463245,2,12,8,6,12,True
workers_locais,1,local_workers,8,Serial,serial,60,0.007119687999875168,0.007119687999875168,1.0,1.0,1,1,8,6,1,True
workers_locais,1,local_workers,8,Paralelo local,parallel,60,0.007168788000853965,0.007119687999875168,0.9931508644176745,0.12414385805220932,1,8,8,6,8,True
workers_locais,1,local_workers,8,Distribuido serial,distributed,60,0.004683471999669564,0.007119687999875168,1.5201730682659123,0.7600865341329561,2,2,8,6,2,True
workers_locais,1,local_workers,8,Distribuido hibrido,hybrid,60,0.008514545001162332,0.007119687999875168,0.8361795021229261,0.06968162517691051,2,12,8,6,12,True
workers_locais,2,local_workers,8,Serial,serial,60,0.007197348000772763,0.007197348000772763,1.0,1.0,1,1,8,6,1,True
workers_locais,2,local_workers,8,Paralelo local,parallel,60,0.007332606999625568,0.007197348000772763,0.9815537640487603,0.12269422050609503,1,8,8,6,8,True
workers_locais,2,local_workers,8,Distribuido serial,distributed,60,0.004714901999250287,0.007197348000772763,1.5265106256539813,0.7632553128269907,2,2,8,6,2,True
workers_locais,2,local_workers,8,Distribuido hibrido,hybrid,60,0.009065113999895402,0.007197348000772763,0.7939611129938144,0.06616342608281787,2,12,8,6,12,True
workers_locais,3,local_workers,8,Serial,serial,60,0.00722153700007766,0.00722153700007766,1.0,1.0,1,1,8,6,1,True
workers_locais,3,local_workers,8,Paralelo local,parallel,60,0.007033837999188108,0.00722153700007766,1.0266851469867826,0.12833564337334782,1,8,8,6,8,True
workers_locais,3,local_workers,8,Distribuido serial,distributed,60,0.004712822001238237,0.00722153700007766,1.5323169426259444,0.7661584713129722,2,2,8,6,2,True
workers_locais,3,local_workers,8,Distribuido hibrido,hybrid,60,0.008358274999409332,0.00722153700007766,0.8639984925822609,0.07199987438185508,2,12,8,6,12,True
workers_locais,1,local_workers,8,Serial,serial,120,0.05538615500154265,0.05538615500154265,1.0,1.0,1,1,8,6,1,True
workers_locais,1,local_workers,8,Paralelo local,parallel,120,0.020895804000247153,0.05538615500154265,2.650587409840155,0.33132342623001937,1,8,8,6,8,True
workers_locais,1,local_workers,8,Distribuido serial,distributed,120,0.033396943001207546,0.05538615500154265,1.6584199038678489,0.8292099519339244,2,2,8,6,2,True
workers_locais,1,local_workers,8,Distribuido hibrido,hybrid,120,0.024083659000098123,0.05538615500154265,2.2997400437083497,0.19164500364236248,2,12,8,6,12,True
workers_locais,2,local_workers,8,Serial,serial,120,0.054648024999551126,0.054648024999551126,1.0,1.0,1,1,8,6,1,True
workers_locais,2,local_workers,8,Paralelo local,parallel,120,0.02120620300047449,0.054648024999551126,2.5769830175787893,0.32212287719734867,1,8,8,6,8,True
workers_locais,2,local_workers,8,Distribuido serial,distributed,120,0.031371955999929924,0.054648024999551126,1.7419387238613109,0.8709693619306554,2,2,8,6,2,True
workers_locais,2,local_workers,8,Distribuido hibrido,hybrid,120,0.02330960000108462,0.054648024999551126,2.3444428474537657,0.1953702372878138,2,12,8,6,12,True
workers_locais,3,local_workers,8,Serial,serial,120,0.05591892300071777,0.05591892300071777,1.0,1.0,1,1,8,6,1,True
workers_locais,3,local_workers,8,Paralelo local,parallel,120,0.025476896000327542,0.05591892300071777,2.194887595411892,0.2743609494264865,1,8,8,6,8,True
workers_locais,3,local_workers,8,Distribuido serial,distributed,120,0.03187906499988458,0.05591892300071777,1.754095454208592,0.877047727104296,2,2,8,6,2,True
workers_locais,3,local_workers,8,Distribuido hibrido,hybrid,120,0.029721197999606375,0.05591892300071777,1.8814491596690806,0.15678742997242337,2,12,8,6,12,True
workers_locais,1,local_workers,8,Serial,serial,250,0.4970710910001799,0.4970710910001799,1.0,1.0,1,1,8,6,1,True
workers_locais,1,local_workers,8,Paralelo local,parallel,250,0.11592057900088548,0.4970710910001799,4.288031471930302,0.5360039339912878,1,8,8,6,8,True
workers_locais,1,local_workers,8,Distribuido serial,distributed,250,0.26042508899990935,0.4970710910001799,1.9086912590067422,0.9543456295033711,2,2,8,6,2,True
workers_locais,1,local_workers,8,Distribuido hibrido,hybrid,250,0.09753977099899203,0.4970710910001799,5.0960863031482475,0.4246738585956873,2,12,8,6,12,True
workers_locais,2,local_workers,8,Serial,serial,250,0.48782495399973413,0.48782495399973413,1.0,1.0,1,1,8,6,1,True
workers_locais,2,local_workers,8,Paralelo local,parallel,250,0.10829295099938463,0.48782495399973413,4.504678739454668,0.5630848424318335,1,8,8,6,8,True
workers_locais,2,local_workers,8,Distribuido serial,distributed,250,0.2626261430013983,0.48782495399973413,1.8574881709211135,0.9287440854605568,2,2,8,6,2,True
workers_locais,2,local_workers,8,Distribuido hibrido,hybrid,250,0.10802305200013507,0.48782495399973413,4.515933821228493,0.37632781843570773,2,12,8,6,12,True
workers_locais,3,local_workers,8,Serial,serial,250,0.4887780389999534,0.4887780389999534,1.0,1.0,1,1,8,6,1,True
workers_locais,3,local_workers,8,Paralelo local,parallel,250,0.11550713799988443,0.4887780389999534,4.231582978018574,0.5289478722523218,1,8,8,6,8,True
workers_locais,3,local_workers,8,Distribuido serial,distributed,250,0.2595399570000154,0.4887780389999534,1.883247745933488,0.941623872966744,2,2,8,6,2,True
workers_locais,3,local_workers,8,Distribuido hibrido,hybrid,250,0.0976504490008665,0.4887780389999534,5.005384450363523,0.4171153708636269,2,12,8,6,12,True
workers_locais,1,local_workers,8,Serial,serial,500,4.350765732999207,4.350765732999207,1.0,1.0,1,1,8,6,1,True
workers_locais,1,local_workers,8,Paralelo local,parallel,500,0.8200104830011696,4.350765732999207,5.3057440400954015,0.6632180050119252,1,8,8,6,8,True
workers_locais,1,local_workers,8,Distribuido serial,distributed,500,2.211848621000172,4.350765732999207,1.9670268985369541,0.9835134492684771,2,2,8,6,2,True
workers_locais,1,local_workers,8,Distribuido hibrido,hybrid,500,0.7081842480001797,4.350765732999207,6.143550559455685,0.511962546621307,2,12,8,6,12,True
workers_locais,2,local_workers,8,Serial,serial,500,4.297117480000452,4.297117480000452,1.0,1.0,1,1,8,6,1,True
workers_locais,2,local_workers,8,Paralelo local,parallel,500,0.8393116160004865,4.297117480000452,5.119811757732138,0.6399764697165172,1,8,8,6,8,True
workers_locais,2,local_workers,8,Distribuido serial,distributed,500,2.2122983879999083,4.297117480000452,1.9423769882531008,0.9711884941265504,2,2,8,6,2,True
workers_locais,2,local_workers,8,Distribuido hibrido,hybrid,500,0.750771925000663,4.297117480000452,5.723599054395457,0.4769665878662881,2,12,8,6,12,True
workers_locais,3,local_workers,8,Serial,serial,500,4.418554015999689,4.418554015999689,1.0,1.0,1,1,8,6,1,True
workers_locais,3,local_workers,8,Paralelo local,parallel,500,0.8884023320006236,4.418554015999689,4.97359569740142,0.6216994621751775,1,8,8,6,8,True
workers_locais,3,local_workers,8,Distribuido serial,distributed,500,2.2570188419995247,4.418554015999689,1.9576947847210837,0.9788473923605419,2,2,8,6,2,True
workers_locais,3,local_workers,8,Distribuido hibrido,hybrid,500,0.8236877080016711,4.418554015999689,5.3643558997856555,0.4470296583154713,2,12,8,6,12,True
workers_locais,1,local_workers,8,Serial,serial,750,15.340914147000149,15.340914147000149,1.0,1.0,1,1,8,6,1,True
workers_locais,1,local_workers,8,Paralelo local,parallel,750,2.866991971000971,15.340914147000149,5.350874471282205,0.6688593089102757,1,8,8,6,8,True
workers_locais,1,local_workers,8,Distribuido serial,distributed,750,7.704255430000558,15.340914147000149,1.991226055052933,0.9956130275264665,2,2,8,6,2,True
workers_locais,1,local_workers,8,Distribuido hibrido,hybrid,750,2.6898480609997932,15.340914147000149,5.703264198981582,0.4752720165817985,2,12,8,6,12,True
workers_locais,2,local_workers,8,Serial,serial,750,15.342779054999482,15.342779054999482,1.0,1.0,1,1,8,6,1,True
workers_locais,2,local_workers,8,Paralelo local,parallel,750,2.968307945999186,15.342779054999482,5.168863653678232,0.646107956709779,1,8,8,6,8,True
workers_locais,2,local_workers,8,Distribuido serial,distributed,750,7.914119571998526,15.342779054999482,1.9386589898495836,0.9693294949247918,2,2,8,6,2,True
workers_locais,2,local_workers,8,Distribuido hibrido,hybrid,750,2.7820589010007097,15.342779054999482,5.514900870531773,0.4595750725443144,2,12,8,6,12,True
workers_locais,3,local_workers,8,Serial,serial,750,15.545739587998469,15.545739587998469,1.0,1.0,1,1,8,6,1,True
workers_locais,3,local_workers,8,Paralelo local,parallel,750,2.9644283409998025,15.545739587998469,5.244093565356824,0.655511695669603,1,8,8,6,8,True
workers_locais,3,local_workers,8,Distribuido serial,distributed,750,7.74918869800058,15.545739587998469,2.0061118903982207,1.0030559451991103,2,2,8,6,2,True
workers_locais,3,local_workers,8,Distribuido hibrido,hybrid,750,2.507082485000865,15.545739587998469,6.200729206559435,0.5167274338799529,2,12,8,6,12,True
workers_locais,1,local_workers,12,Serial,serial,1,8.109998816507868e-06,8.109998816507868e-06,1.0,1.0,1,1,12,6,1,True
workers_locais,1,local_workers,12,Paralelo local,parallel,1,3.670000296551734e-06,8.109998816507868e-06,2.209808763265735,0.18415073027214457,1,12,12,6,12,True
workers_locais,1,local_workers,12,Distribuido serial,distributed,1,0.0003873489986290224,8.109998816507868e-06,0.020937188027366237,0.010468594013683118,2,2,12,6,2,True
workers_locais,1,local_workers,12,Distribuido hibrido,hybrid,1,0.00021519000074476935,8.109998816507868e-06,0.03768761925944182,0.0031406349382868183,2,12,12,6,12,True
workers_locais,2,local_workers,12,Serial,serial,1,4.13999987358693e-06,4.13999987358693e-06,1.0,1.0,1,1,12,6,1,True
workers_locais,2,local_workers,12,Paralelo local,parallel,1,2.70000055024866e-06,4.13999987358693e-06,1.5333329740268578,0.12777774783557147,1,12,12,6,12,True
workers_locais,2,local_workers,12,Distribuido serial,distributed,1,0.00011945899859711062,4.13999987358693e-06,0.034656241239302214,0.017328120619651107,2,2,12,6,2,True
workers_locais,2,local_workers,12,Distribuido hibrido,hybrid,1,0.00016728000082366634,4.13999987358693e-06,0.0247489230822697,0.0020624102568558085,2,12,12,6,12,True
workers_locais,3,local_workers,12,Serial,serial,1,2.790000507957302e-06,2.790000507957302e-06,1.0,1.0,1,1,12,6,1,True
workers_locais,3,local_workers,12,Paralelo local,parallel,1,2.4600012693554163e-06,2.790000507957302e-06,1.1341459627329193,0.09451216356107661,1,12,12,6,12,True
workers_locais,3,local_workers,12,Distribuido serial,distributed,1,9.085000056074932e-05,2.790000507957302e-06,0.030709966876573572,0.015354983438286786,2,2,12,6,2,True
workers_locais,3,local_workers,12,Distribuido hibrido,hybrid,1,7.517999983974732e-05,2.790000507957302e-06,0.03711094059463194,0.0030925783828859954,2,12,12,6,12,True
workers_locais,1,local_workers,12,Serial,serial,5,1.419000000169035e-05,1.419000000169035e-05,1.0,1.0,1,1,12,6,1,True
workers_locais,1,local_workers,12,Paralelo local,parallel,5,0.004740700000184006,1.419000000169035e-05,0.0029932288483007947,0.00024943573735839954,1,12,12,6,12,True
workers_locais,1,local_workers,12,Distribuido serial,distributed,5,0.0003353990014147712,1.419000000169035e-05,0.04230781827564921,0.021153909137824604,2,2,12,6,2,True
workers_locais,1,local_workers,12,Distribuido hibrido,hybrid,5,0.2512254120010766,1.419000000169035e-05,5.6483139538565227e-05,4.706928294880436e-06,2,12,12,6,12,True
workers_locais,2,local_workers,12,Serial,serial,5,1.655000050959643e-05,1.655000050959643e-05,1.0,1.0,1,1,12,6,1,True
workers_locais,2,local_workers,12,Paralelo local,parallel,5,0.004710449000413064,1.655000050959643e-05,0.0035134655970471486,0.00029278879975392903,1,12,12,6,12,True
workers_locais,2,local_workers,12,Distribuido serial,distributed,5,0.00034557900107756723,1.655000050959643e-05,0.04789064282838668,0.02394532141419334,2,2,12,6,2,True
workers_locais,2,local_workers,12,Distribuido hibrido,hybrid,5,0.00438951999967685,1.655000050959643e-05,0.00377034402641173,0.00031419533553431086,2,12,12,6,12,True
workers_locais,3,local_workers,12,Serial,serial,5,1.669000084802974e-05,1.669000084802974e-05,1.0,1.0,1,1,12,6,1,True
workers_locais,3,local_workers,12,Paralelo local,parallel,5,0.004497788999287877,1.669000084802974e-05,0.00371071227455806,0.00030922602287983833,1,12,12,6,12,True
workers_locais,3,local_workers,12,Distribuido serial,distributed,5,0.0003300890002719825,1.669000084802974e-05,0.05056212365234142,0.02528106182617071,2,2,12,6,2,True
workers_locais,3,local_workers,12,Distribuido hibrido,hybrid,5,0.004493988999456633,1.669000084802974e-05,0.0037138499560296486,0.00030948749633580405,2,12,12,6,12,True
workers_locais,1,local_workers,12,Serial,serial,60,0.007118702998923254,0.007118702998923254,1.0,1.0,1,1,12,6,1,True
workers_locais,1,local_workers,12,Paralelo local,parallel,60,0.007417892000376014,0.007118702998923254,0.9596665735443987,0.07997221446203322,1,12,12,6,12,True
workers_locais,1,local_workers,12,Distribuido serial,distributed,60,0.004850357998293475,0.007118702998923254,1.4676654798321818,0.7338327399160909,2,2,12,6,2,True
workers_locais,1,local_workers,12,Distribuido hibrido,hybrid,60,0.008600379998824792,0.007118702998923254,0.8277195891223408,0.06897663242686174,2,12,12,6,12,True
workers_locais,2,local_workers,12,Serial,serial,60,0.007320643000639393,0.007320643000639393,1.0,1.0,1,1,12,6,1,True
workers_locais,2,local_workers,12,Paralelo local,parallel,60,0.006963304000237258,0.007320643000639393,1.0513174493588042,0.08760978744656701,1,12,12,6,12,True
workers_locais,2,local_workers,12,Distribuido serial,distributed,60,0.004697417998613673,0.007320643000639393,1.5584397647388202,0.7792198823694101,2,2,12,6,2,True
workers_locais,2,local_workers,12,Distribuido hibrido,hybrid,60,0.008756658999118372,0.007320643000639393,0.8360086879455328,0.06966739066212774,2,12,12,6,12,True
workers_locais,3,local_workers,12,Serial,serial,60,0.00717593300032604,0.00717593300032604,1.0,1.0,1,1,12,6,1,True
workers_locais,3,local_workers,12,Paralelo local,parallel,60,0.007509511999160168,0.00717593300032604,0.9555791376494992,0.07963159480412493,1,12,12,6,12,True
workers_locais,3,local_workers,12,Distribuido serial,distributed,60,0.004742799001178355,0.00717593300032604,1.513016469503171,0.7565082347515855,2,2,12,6,2,True
workers_locais,3,local_workers,12,Distribuido hibrido,hybrid,60,0.008085550000032526,0.00717593300032604,0.8875009121577596,0.07395840934647997,2,12,12,6,12,True
workers_locais,1,local_workers,12,Serial,serial,120,0.054747759000747465,0.054747759000747465,1.0,1.0,1,1,12,6,1,True
workers_locais,1,local_workers,12,Paralelo local,parallel,120,0.01989274299921817,0.054747759000747465,2.7521473033105175,0.2293456086092098,1,12,12,6,12,True
workers_locais,1,local_workers,12,Distribuido serial,distributed,120,0.03113534599833656,0.054747759000747465,1.7583796564737846,0.8791898282368923,2,2,12,6,2,True
workers_locais,1,local_workers,12,Distribuido hibrido,hybrid,120,0.02280231599979743,0.054747759000747465,2.4009736116819815,0.2000811343068318,2,12,12,6,12,True
workers_locais,2,local_workers,12,Serial,serial,120,0.05567364699891186,0.05567364699891186,1.0,1.0,1,1,12,6,1,True
workers_locais,2,local_workers,12,Paralelo local,parallel,120,0.020906200001263642,0.05567364699891186,2.663020873977421,0.2219184061647851,1,12,12,6,12,True
workers_locais,2,local_workers,12,Distribuido serial,distributed,120,0.031113606000872096,0.05567364699891186,1.7893665876385838,0.8946832938192919,2,2,12,6,2,True
workers_locais,2,local_workers,12,Distribuido hibrido,hybrid,120,0.020919070000672946,0.05567364699891186,2.6613825087406324,0.22178187572838604,2,12,12,6,12,True
workers_locais,3,local_workers,12,Serial,serial,120,0.05468673999894236,0.05468673999894236,1.0,1.0,1,1,12,6,1,True
workers_locais,3,local_workers,12,Paralelo local,parallel,120,0.021233950001260382,0.05468673999894236,2.575438860678127,0.2146199050565106,1,12,12,6,12,True
workers_locais,3,local_workers,12,Distribuido serial,distributed,120,0.031759404999320395,0.05468673999894236,1.7219069437891728,0.8609534718945864,2,2,12,6,2,True
workers_locais,3,local_workers,12,Distribuido hibrido,hybrid,120,0.022088507999797002,0.05468673999894236,2.4758005384268116,0.20631671153556763,2,12,12,6,12,True
workers_locais,1,local_workers,12,Serial,serial,250,0.4936629730000277,0.4936629730000277,1.0,1.0,1,1,12,6,1,True
workers_locais,1,local_workers,12,Paralelo local,parallel,250,0.09340047700061405,0.4936629730000277,5.285443809851016,0.44045365082091803,1,12,12,6,12,True
workers_locais,1,local_workers,12,Distribuido serial,distributed,250,0.2622177739995095,0.4936629730000277,1.8826449689903595,0.9413224844951797,2,2,12,6,2,True
workers_locais,1,local_workers,12,Distribuido hibrido,hybrid,250,0.1043232319989329,0.4936629730000277,4.73205213777385,0.3943376781478208,2,12,12,6,12,True
workers_locais,2,local_workers,12,Serial,serial,250,0.4932877009996446,0.4932877009996446,1.0,1.0,1,1,12,6,1,True
workers_locais,2,local_workers,12,Paralelo local,parallel,250,0.09304510800029675,0.4932877009996446,5.30159738218662,0.441799781848885,1,12,12,6,12,True
workers_locais,2,local_workers,12,Distribuido serial,distributed,250,0.2616089950006426,0.4932877009996446,1.8855915141542932,0.9427957570771466,2,2,12,6,2,True
workers_locais,2,local_workers,12,Distribuido hibrido,hybrid,250,0.11372444800144876,0.4932877009996446,4.337569534682292,0.36146412789019094,2,12,12,6,12,True
workers_locais,3,local_workers,12,Serial,serial,250,0.4973907900002814,0.4973907900002814,1.0,1.0,1,1,12,6,1,True
workers_locais,3,local_workers,12,Paralelo local,parallel,250,0.09565004100113583,0.4973907900002814,5.200110578043296,0.4333425481702747,1,12,12,6,12,True
workers_locais,3,local_workers,12,Distribuido serial,distributed,250,0.26192540200099756,0.4973907900002814,1.8989788168708701,0.9494894084354351,2,2,12,6,2,True
workers_locais,3,local_workers,12,Distribuido hibrido,hybrid,250,0.09835051499976544,0.4973907900002814,5.057327762863953,0.42144398023866275,2,12,12,6,12,True
workers_locais,1,local_workers,12,Serial,serial,500,4.327139181999883,4.327139181999883,1.0,1.0,1,1,12,6,1,True
workers_locais,1,local_workers,12,Paralelo local,parallel,500,0.7448263070000394,4.327139181999883,5.809594990580339,0.48413291588169494,1,12,12,6,12,True
workers_locais,1,local_workers,12,Distribuido serial,distributed,500,2.2368634689992177,4.327139181999883,1.9344672761524704,0.9672336380762352,2,2,12,6,2,True
workers_locais,1,local_workers,12,Distribuido hibrido,hybrid,500,0.753652974999568,4.327139181999883,5.741553905499229,0.47846282545826907,2,12,12,6,12,True
workers_locais,2,local_workers,12,Serial,serial,500,4.364446614999906,4.364446614999906,1.0,1.0,1,1,12,6,1,True
workers_locais,2,local_workers,12,Paralelo local,parallel,500,0.6983555919996434,4.364446614999906,6.249605022139115,0.520800418511593,1,12,12,6,12,True
workers_locais,2,local_workers,12,Distribuido serial,distributed,500,2.2316197130003275,4.364446614999906,1.955730445279171,0.9778652226395855,2,2,12,6,2,True
workers_locais,2,local_workers,12,Distribuido hibrido,hybrid,500,0.7655097959996056,4.364446614999906,5.701359587829696,0.475113298985808,2,12,12,6,12,True
workers_locais,3,local_workers,12,Serial,serial,500,4.315775702001702,4.315775702001702,1.0,1.0,1,1,12,6,1,True
workers_locais,3,local_workers,12,Paralelo local,parallel,500,0.75109458299994,4.315775702001702,5.74598166420546,0.478831805350455,1,12,12,6,12,True
workers_locais,3,local_workers,12,Distribuido serial,distributed,500,2.222141719001229,4.315775702001702,1.9421694238032146,0.9710847119016073,2,2,12,6,2,True
workers_locais,3,local_workers,12,Distribuido hibrido,hybrid,500,0.7254724660015199,4.315775702001702,5.9489172977002545,0.49574310814168787,2,12,12,6,12,True
workers_locais,1,local_workers,12,Serial,serial,750,15.446595199999138,15.446595199999138,1.0,1.0,1,1,12,6,1,True
workers_locais,1,local_workers,12,Paralelo local,parallel,750,2.47124189600072,15.446595199999138,6.250539546531967,0.5208782955443306,1,12,12,6,12,True
workers_locais,1,local_workers,12,Distribuido serial,distributed,750,7.79062989600061,15.446595199999138,1.9827145437789038,0.9913572718894519,2,2,12,6,2,True
workers_locais,1,local_workers,12,Distribuido hibrido,hybrid,750,2.45672163800009,15.446595199999138,6.287482863778387,0.5239569053148656,2,12,12,6,12,True
workers_locais,2,local_workers,12,Serial,serial,750,15.244143870999324,15.244143870999324,1.0,1.0,1,1,12,6,1,True
workers_locais,2,local_workers,12,Paralelo local,parallel,750,2.5997604510012025,15.244143870999324,5.8636725030295,0.4886393752524583,1,12,12,6,12,True
workers_locais,2,local_workers,12,Distribuido serial,distributed,750,7.893455598999935,15.244143870999324,1.931238312524452,0.965619156262226,2,2,12,6,2,True
workers_locais,2,local_workers,12,Distribuido hibrido,hybrid,750,2.616426947999571,15.244143870999324,5.8263212289012944,0.4855267690751079,2,12,12,6,12,True
workers_locais,3,local_workers,12,Serial,serial,750,15.883409424999627,15.883409424999627,1.0,1.0,1,1,12,6,1,True
workers_locais,3,local_workers,12,Paralelo local,parallel,750,2.434101721000843,15.883409424999627,6.525367977829931,0.5437806648191609,1,12,12,6,12,True
workers_locais,3,local_workers,12,Distribuido serial,distributed,750,7.7682766529997025,15.883409424999627,2.044650330374921,1.0223251651874605,2,2,12,6,2,True
workers_locais,3,local_workers,12,Distribuido hibrido,hybrid,750,2.5719988099990587,15.883409424999627,6.175511964955162,0.5146259970795969,2,12,12,6,12,True
workers_por_servidor,1,workers_per_server,1,Serial,serial,1,1.2229998901602812e-05,1.2229998901602812e-05,1.0,1.0,1,1,12,1,1,True
workers_por_servidor,1,workers_per_server,1,Paralelo local,parallel,1,6.770000254618935e-06,1.2229998901602812e-05,1.8064990312605542,0.15054158593837952,1,12,12,1,12,True
workers_por_servidor,1,workers_per_server,1,Distribuido serial,distributed,1,0.00041267900087404996,1.2229998901602812e-05,0.029635622059033286,0.014817811029516643,2,2,12,1,2,True
workers_por_servidor,1,workers_per_server,1,Distribuido hibrido,hybrid,1,0.00033823900048446376,1.2229998901602812e-05,0.03615786140594562,0.01807893070297281,2,2,12,1,2,True
workers_por_servidor,2,workers_per_server,1,Serial,serial,1,2.999999196617864e-06,2.999999196617864e-06,1.0,1.0,1,1,12,1,1,True
workers_por_servidor,2,workers_per_server,1,Paralelo local,parallel,1,2.4599994503660128e-06,2.999999196617864e-06,1.2195121410175547,0.1016260117514629,1,12,12,1,12,True
workers_por_servidor,2,workers_per_server,1,Distribuido serial,distributed,1,0.0001774400006979704,2.999999196617864e-06,0.016907118940583835,0.008453559470291918,2,2,12,1,2,True
workers_por_servidor,2,workers_per_server,1,Distribuido hibrido,hybrid,1,0.00018645899945113342,2.999999196617864e-06,0.0160893236875064,0.0080446618437532,2,2,12,1,2,True
workers_por_servidor,3,workers_per_server,1,Serial,serial,1,2.689999746507965e-06,2.689999746507965e-06,1.0,1.0,1,1,12,1,1,True
workers_por_servidor,3,workers_per_server,1,Paralelo local,parallel,1,2.189999577240087e-06,2.689999746507965e-06,1.2283106236476975,0.10235921863730812,1,12,12,1,12,True
workers_por_servidor,3,workers_per_server,1,Distribuido serial,distributed,1,0.000123140000141575,2.689999746507965e-06,0.02184505232593188,0.01092252616296594,2,2,12,1,2,True
workers_por_servidor,3,workers_per_server,1,Distribuido hibrido,hybrid,1,0.00010861000009754207,2.689999746507965e-06,0.024767514447031493,0.012383757223515746,2,2,12,1,2,True
workers_por_servidor,1,workers_per_server,1,Serial,serial,5,1.3150000086170621e-05,1.3150000086170621e-05,1.0,1.0,1,1,12,1,1,True
workers_por_servidor,1,workers_per_server,1,Paralelo local,parallel,5,0.004315337999287294,1.3150000086170621e-05,0.0030472700141547264,0.0002539391678462272,1,12,12,1,12,True
workers_por_servidor,1,workers_per_server,1,Distribuido serial,distributed,5,0.00036991899833083153,1.3150000086170621e-05,0.035548323134271996,0.017774161567135998,2,2,12,1,2,True
workers_por_servidor,1,workers_per_server,1,Distribuido hibrido,hybrid,5,0.00023088899979484268,1.3150000086170621e-05,0.056953774748277765,0.028476887374138882,2,2,12,1,2,True
workers_por_servidor,2,workers_per_server,1,Serial,serial,5,1.522999991721008e-05,1.522999991721008e-05,1.0,1.0,1,1,12,1,1,True
workers_por_servidor,2,workers_per_server,1,Paralelo local,parallel,5,0.0035032699997827876,1.522999991721008e-05,0.004347366865287112,0.00036228057210725933,1,12,12,1,12,True
workers_por_servidor,2,workers_per_server,1,Distribuido serial,distributed,5,0.00028446900068956893,1.522999991721008e-05,0.05353834646408466,0.02676917323204233,2,2,12,1,2,True
workers_por_servidor,2,workers_per_server,1,Distribuido hibrido,hybrid,5,0.00018841900055122096,1.522999991721008e-05,0.08083048881829656,0.04041524440914828,2,2,12,1,2,True
workers_por_servidor,3,workers_per_server,1,Serial,serial,5,1.4549999832524918e-05,1.4549999832524918e-05,1.0,1.0,1,1,12,1,1,True
workers_por_servidor,3,workers_per_server,1,Paralelo local,parallel,5,0.0035531699995772215,1.4549999832524918e-05,0.00409493489876819,0.00034124457489734917,1,12,12,1,12,True
workers_por_servidor,3,workers_per_server,1,Distribuido serial,distributed,5,0.000302159000057145,1.4549999832524918e-05,0.04815345506760741,0.024076727533803705,2,2,12,1,2,True
workers_por_servidor,3,workers_per_server,1,Distribuido hibrido,hybrid,5,0.00023604899979545735,1.4549999832524918e-05,0.06163974363429998,0.03081987181714999,2,2,12,1,2,True
workers_por_servidor,1,workers_per_server,1,Serial,serial,60,0.007034640000711079,0.007034640000711079,1.0,1.0,1,1,12,1,1,True
workers_por_servidor,1,workers_per_server,1,Paralelo local,parallel,60,0.006946120000066003,0.007034640000711079,1.012743805267435,0.08439531710561958,1,12,12,1,12,True
workers_por_servidor,1,workers_per_server,1,Distribuido serial,distributed,60,0.004678946001149598,0.007034640000711079,1.5034668061958179,0.7517334030979089,2,2,12,1,2,True
workers_por_servidor,1,workers_per_server,1,Distribuido hibrido,hybrid,60,0.0045245469991641585,0.007034640000711079,1.5547722240504125,0.7773861120252062,2,2,12,1,2,True
workers_por_servidor,2,workers_per_server,1,Serial,serial,60,0.007243448999361135,0.007243448999361135,1.0,1.0,1,1,12,1,1,True
workers_por_servidor,2,workers_per_server,1,Paralelo local,parallel,60,0.006731990999469417,0.007243448999361135,1.0759742548574454,0.08966452123812045,1,12,12,1,12,True
workers_por_servidor,2,workers_per_server,1,Distribuido serial,distributed,60,0.004675845999372541,0.007243448999361135,1.5491205228600653,0.7745602614300326,2,2,12,1,2,True
workers_por_servidor,2,workers_per_server,1,Distribuido hibrido,hybrid,60,0.004595137001160765,0.007243448999361135,1.5763292797432127,0.7881646398716063,2,2,12,1,2,True
workers_por_servidor,3,workers_per_server,1,Serial,serial,60,0.0071729299997969065,0.0071729299997969065,1.0,1.0,1,1,12,1,1,True
workers_por_servidor,3,workers_per_server,1,Paralelo local,parallel,60,0.006911259999469621,0.0071729299997969065,1.037861403036113,0.08648845025300943,1,12,12,1,12,True
workers_por_servidor,3,workers_per_server,1,Distribuido serial,distributed,60,0.00465620700015279,0.0071729299997969065,1.54050925991081,0.770254629955405,2,2,12,1,2,True
workers_por_servidor,3,workers_per_server,1,Distribuido hibrido,hybrid,60,0.004547597000055248,0.0071729299997969065,1.57730115480984,0.78865057740492,2,2,12,1,2,True
workers_por_servidor,1,workers_per_server,1,Serial,serial,120,0.05491494200032321,0.05491494200032321,1.0,1.0,1,1,12,1,1,True
workers_por_servidor,1,workers_per_server,1,Paralelo local,parallel,120,0.019984622000265517,0.05491494200032321,2.747859929479457,0.22898832745662143,1,12,12,1,12,True
workers_por_servidor,1,workers_per_server,1,Distribuido serial,distributed,120,0.031250899999577086,0.05491494200032321,1.7572275358810903,0.8786137679405451,2,2,12,1,2,True
workers_por_servidor,1,workers_per_server,1,Distribuido hibrido,hybrid,120,0.030732971001270926,0.05491494200032321,1.7868413046708782,0.8934206523354391,2,2,12,1,2,True
workers_por_servidor,2,workers_per_server,1,Serial,serial,120,0.05523390999951516,0.05523390999951516,1.0,1.0,1,1,12,1,1,True
workers_por_servidor,2,workers_per_server,1,Paralelo local,parallel,120,0.019738902999961283,0.05523390999951516,2.798225919628031,0.23318549330233593,1,12,12,1,12,True
workers_por_servidor,2,workers_per_server,1,Distribuido serial,distributed,120,0.030970289999459055,0.05523390999951516,1.7834482660795203,0.8917241330397602,2,2,12,1,2,True
workers_por_servidor,2,workers_per_server,1,Distribuido hibrido,hybrid,120,0.03114195000125619,0.05523390999951516,1.7736175800579976,0.8868087900289988,2,2,12,1,2,True
workers_por_servidor,3,workers_per_server,1,Serial,serial,120,0.05575389799923869,0.05575389799923869,1.0,1.0,1,1,12,1,1,True
workers_por_servidor,3,workers_per_server,1,Paralelo local,parallel,120,0.02151779800078657,0.05575389799923869,2.5910596426827985,0.21592163689023322,1,12,12,1,12,True
workers_por_servidor,3,workers_per_server,1,Distribuido serial,distributed,120,0.03298224399986793,0.05575389799923869,1.690421609865658,0.845210804932829,2,2,12,1,2,True
workers_por_servidor,3,workers_per_server,1,Distribuido hibrido,hybrid,120,0.03536252699996112,0.05575389799923869,1.5766378347141308,0.7883189173570654,2,2,12,1,2,True
workers_por_servidor,1,workers_per_server,1,Serial,serial,250,0.49792055700163473,0.49792055700163473,1.0,1.0,1,1,12,1,1,True
workers_por_servidor,1,workers_per_server,1,Paralelo local,parallel,250,0.09717498800091562,0.49792055700163473,5.123957998296261,0.42699649985802174,1,12,12,1,12,True
workers_por_servidor,1,workers_per_server,1,Distribuido serial,distributed,250,0.2643089829998644,0.49792055700163473,1.8838578672216004,0.9419289336108002,2,2,12,1,2,True
workers_por_servidor,1,workers_per_server,1,Distribuido hibrido,hybrid,250,0.29144168499988155,0.49792055700163473,1.7084740537436747,0.8542370268718373,2,2,12,1,2,True
workers_por_servidor,2,workers_per_server,1,Serial,serial,250,0.5005384779997257,0.5005384779997257,1.0,1.0,1,1,12,1,1,True
workers_por_servidor,2,workers_per_server,1,Paralelo local,parallel,250,0.10976664100053313,0.5005384779997257,4.560023641402078,0.38000197011683984,1,12,12,1,12,True
workers_por_servidor,2,workers_per_server,1,Distribuido serial,distributed,250,0.2636621540004853,0.5005384779997257,1.8984085140971898,0.9492042570485949,2,2,12,1,2,True
workers_por_servidor,2,workers_per_server,1,Distribuido hibrido,hybrid,250,0.2628912969994417,0.5005384779997257,1.903975079101948,0.951987539550974,2,2,12,1,2,True
workers_por_servidor,3,workers_per_server,1,Serial,serial,250,0.49129000199900474,0.49129000199900474,1.0,1.0,1,1,12,1,1,True
workers_por_servidor,3,workers_per_server,1,Paralelo local,parallel,250,0.10081923699908657,0.49129000199900474,4.872978774908363,0.40608156457569694,1,12,12,1,12,True
workers_por_servidor,3,workers_per_server,1,Distribuido serial,distributed,250,0.2636998020007013,0.49129000199900474,1.8630654944431781,0.9315327472215891,2,2,12,1,2,True
workers_por_servidor,3,workers_per_server,1,Distribuido hibrido,hybrid,250,0.27044048300012946,0.49129000199900474,1.8166289179374435,0.9083144589687218,2,2,12,1,2,True
workers_por_servidor,1,workers_per_server,1,Serial,serial,500,4.33458775500003,4.33458775500003,1.0,1.0,1,1,12,1,1,True
workers_por_servidor,1,workers_per_server,1,Paralelo local,parallel,500,0.7204639289993793,4.33458775500003,6.016384138787001,0.5013653448989167,1,12,12,1,12,True
workers_por_servidor,1,workers_per_server,1,Distribuido serial,distributed,500,2.221031409999341,4.33458775500003,1.9516102903746486,0.9758051451873243,2,2,12,1,2,True
workers_por_servidor,1,workers_per_server,1,Distribuido hibrido,hybrid,500,2.224982789000933,4.33458775500003,1.9481443975332307,0.9740721987666153,2,2,12,1,2,True
workers_por_servidor,2,workers_per_server,1,Serial,serial,500,4.3798871069993766,4.3798871069993766,1.0,1.0,1,1,12,1,1,True
workers_por_servidor,2,workers_per_server,1,Paralelo local,parallel,500,0.7211661800010916,4.3798871069993766,6.073339583107942,0.5061116319256619,1,12,12,1,12,True
workers_por_servidor,2,workers_per_server,1,Distribuido serial,distributed,500,2.2471544389991323,4.3798871069993766,1.9490814832246908,0.9745407416123454,2,2,12,1,2,True
workers_por_servidor,2,workers_per_server,1,Distribuido hibrido,hybrid,500,2.2494453719991725,4.3798871069993766,1.9470964538724471,0.9735482269362236,2,2,12,1,2,True
workers_por_servidor,3,workers_per_server,1,Serial,serial,500,4.4136132189996715,4.4136132189996715,1.0,1.0,1,1,12,1,1,True
workers_por_servidor,3,workers_per_server,1,Paralelo local,parallel,500,0.741398031999779,4.4136132189996715,5.9530954069230475,0.496091283910254,1,12,12,1,12,True
workers_por_servidor,3,workers_per_server,1,Distribuido serial,distributed,500,2.291683149000164,4.4136132189996715,1.9259264619217895,0.9629632309608948,2,2,12,1,2,True
workers_por_servidor,3,workers_per_server,1,Distribuido hibrido,hybrid,500,2.2200404059985885,4.4136132189996715,1.9880778778052914,0.9940389389026457,2,2,12,1,2,True
workers_por_servidor,1,workers_per_server,1,Serial,serial,750,15.419205509000676,15.419205509000676,1.0,1.0,1,1,12,1,1,True
workers_por_servidor,1,workers_per_server,1,Paralelo local,parallel,750,2.6245820879994426,15.419205509000676,5.874918364909587,0.48957653040913224,1,12,12,1,12,True
workers_por_servidor,1,workers_per_server,1,Distribuido serial,distributed,750,7.795417707000524,15.419205509000676,1.977983231758544,0.988991615879272,2,2,12,1,2,True
workers_por_servidor,1,workers_per_server,1,Distribuido hibrido,hybrid,750,7.765982568998879,15.419205509000676,1.98548031392097,0.992740156960485,2,2,12,1,2,True
workers_por_servidor,2,workers_per_server,1,Serial,serial,750,15.474462535001294,15.474462535001294,1.0,1.0,1,1,12,1,1,True
workers_por_servidor,2,workers_per_server,1,Paralelo local,parallel,750,2.4785207910008467,15.474462535001294,6.243426559578135,0.5202855466315113,1,12,12,1,12,True
workers_por_servidor,2,workers_per_server,1,Distribuido serial,distributed,750,7.688028508999196,15.474462535001294,2.0127998376811056,1.0063999188405528,2,2,12,1,2,True
workers_por_servidor,2,workers_per_server,1,Distribuido hibrido,hybrid,750,7.700498239000808,15.474462535001294,2.009540429037123,1.0047702145185615,2,2,12,1,2,True
workers_por_servidor,3,workers_per_server,1,Serial,serial,750,15.269602563999797,15.269602563999797,1.0,1.0,1,1,12,1,1,True
workers_por_servidor,3,workers_per_server,1,Paralelo local,parallel,750,2.4757921950003947,15.269602563999797,6.167562283633972,0.5139635236361643,1,12,12,1,12,True
workers_por_servidor,3,workers_per_server,1,Distribuido serial,distributed,750,7.806112549000318,15.269602563999797,1.956108430175694,0.978054215087847,2,2,12,1,2,True
workers_por_servidor,3,workers_per_server,1,Distribuido hibrido,hybrid,750,7.801899380001487,15.269602563999797,1.9571647646648946,0.9785823823324473,2,2,12,1,2,True
workers_por_servidor,1,workers_per_server,2,Serial,serial,1,7.88000033935532e-06,7.88000033935532e-06,1.0,1.0,1,1,12,2,1,True
workers_por_servidor,1,workers_per_server,2,Paralelo local,parallel,1,4.029998308396898e-06,7.88000033935532e-06,1.9553358925577122,0.16294465771314268,1,12,12,2,12,True
workers_por_servidor,1,workers_per_server,2,Distribuido serial,distributed,1,0.00037228800101729576,7.88000033935532e-06,0.021166409655489354,0.010583204827744677,2,2,12,2,2,True
workers_por_servidor,1,workers_per_server,2,Distribuido hibrido,hybrid,1,0.0002697990003071027,7.88000033935532e-06,0.02920692934512653,0.007301732336281633,2,4,12,2,4,True
workers_por_servidor,2,workers_per_server,2,Serial,serial,1,3.3699998311931267e-06,3.3699998311931267e-06,1.0,1.0,1,1,12,2,1,True
workers_por_servidor,2,workers_per_server,2,Paralelo local,parallel,1,2.5300014385720715e-06,3.3699998311931267e-06,1.332014986163466,0.1110012488469555,1,12,12,2,12,True
workers_por_servidor,2,workers_per_server,2,Distribuido serial,distributed,1,0.0001746500001900131,3.3699998311931267e-06,0.01929573333825757,0.009647866669128785,2,2,12,2,2,True
workers_por_servidor,2,workers_per_server,2,Distribuido hibrido,hybrid,1,0.00017539899999974295,3.3699998311931267e-06,0.019213335487648534,0.0048033338719121335,2,4,12,2,4,True
workers_por_servidor,3,workers_per_server,2,Serial,serial,1,2.630000381032005e-06,2.630000381032005e-06,1.0,1.0,1,1,12,2,1,True
workers_por_servidor,3,workers_per_server,2,Paralelo local,parallel,1,2.4000000848900527e-06,2.630000381032005e-06,1.0958334533361023,0.0913194544446752,1,12,12,2,12,True
workers_por_servidor,3,workers_per_server,2,Distribuido serial,distributed,1,0.00012892000086139888,2.630000381032005e-06,0.020400251035209833,0.010200125517604916,2,2,12,2,2,True
workers_por_servidor,3,workers_per_server,2,Distribuido hibrido,hybrid,1,0.00011230000018258579,2.630000381032005e-06,0.023419415643418987,0.005854853910854747,2,4,12,2,4,True
workers_por_servidor,1,workers_per_server,2,Serial,serial,5,1.3500000932253897e-05,1.3500000932253897e-05,1.0,1.0,1,1,12,2,1,True
workers_por_servidor,1,workers_per_server,2,Paralelo local,parallel,5,0.005237002000285429,1.3500000932253897e-05,0.0025778109176811687,0.00021481757647343072,1,12,12,2,12,True
workers_por_servidor,1,workers_per_server,2,Distribuido serial,distributed,5,0.00036769899998034816,1.3500000932253897e-05,0.03671481546856372,0.01835740773428186,2,2,12,2,2,True
workers_por_servidor,1,workers_per_server,2,Distribuido hibrido,hybrid,5,0.2482888329996058,1.3500000932253897e-05,5.437216313419674e-05,1.3593040783549184e-05,2,4,12,2,4,True
workers_por_servidor,2,workers_per_server,2,Serial,serial,5,1.6980000509647653e-05,1.6980000509647653e-05,1.0,1.0,1,1,12,2,1,True
workers_por_servidor,2,workers_per_server,2,Paralelo local,parallel,5,0.004304486001274199,1.6980000509647653e-05,0.003944721972523849,0.0003287268310436541,1,12,12,2,12,True
workers_por_servidor,2,workers_per_server,2,Distribuido serial,distributed,5,0.00034702799894148484,1.6980000509647653e-05,0.04892977097364062,0.02446488548682031,2,2,12,2,2,True
workers_por_servidor,2,workers_per_server,2,Distribuido hibrido,hybrid,5,0.004279516000678996,1.6980000509647653e-05,0.003967738526261749,0.0009919346315654372,2,4,12,2,4,True
workers_por_servidor,3,workers_per_server,2,Serial,serial,5,1.635999979043845e-05,1.635999979043845e-05,1.0,1.0,1,1,12,2,1,True
workers_por_servidor,3,workers_per_server,2,Paralelo local,parallel,5,0.00451013400015654,1.635999979043845e-05,0.003627386634160009,0.00030228221951333407,1,12,12,2,12,True
workers_por_servidor,3,workers_per_server,2,Distribuido serial,distributed,5,0.00036199900023348164,1.635999979043845e-05,0.04519349440160498,0.02259674720080249,2,2,12,2,2,True
workers_por_servidor,3,workers_per_server,2,Distribuido hibrido,hybrid,5,0.003920387000107439,1.635999979043845e-05,0.00417305735122326,0.001043264337805815,2,4,12,2,4,True
workers_por_servidor,1,workers_per_server,2,Serial,serial,60,0.007122076000086963,0.007122076000086963,1.0,1.0,1,1,12,2,1,True
workers_por_servidor,1,workers_per_server,2,Paralelo local,parallel,60,0.007971633000124712,0.007122076000086963,0.8934274821702833,0.07445229018085694,1,12,12,2,12,True
workers_por_servidor,1,workers_per_server,2,Distribuido serial,distributed,60,0.004717892999906326,0.007122076000086963,1.5095882844796125,0.7547941422398062,2,2,12,2,2,True
workers_por_servidor,1,workers_per_server,2,Distribuido hibrido,hybrid,60,0.0073434059995634016,0.007122076000086963,0.9698600350451007,0.24246500876127516,2,4,12,2,4,True
workers_por_servidor,2,workers_per_server,2,Serial,serial,60,0.007203036000646534,0.007203036000646534,1.0,1.0,1,1,12,2,1,True
workers_por_servidor,2,workers_per_server,2,Paralelo local,parallel,60,0.007340845000726404,0.007203036000646534,0.981227093057239,0.08176892442143659,1,12,12,2,12,True
workers_por_servidor,2,workers_per_server,2,Distribuido serial,distributed,60,0.004725134998807334,0.007203036000646534,1.5244085094848387,0.7622042547424194,2,2,12,2,2,True
workers_por_servidor,2,workers_per_server,2,Distribuido hibrido,hybrid,60,0.007017997000730247,0.007203036000646534,1.0263663549438726,0.25659158873596816,2,4,12,2,4,True
workers_por_servidor,3,workers_per_server,2,Serial,serial,60,0.007423304999974789,0.007423304999974789,1.0,1.0,1,1,12,2,1,True
workers_por_servidor,3,workers_per_server,2,Paralelo local,parallel,60,0.007840153000870487,0.007423304999974789,0.9468316497331857,0.07890263747776548,1,12,12,2,12,True
workers_por_servidor,3,workers_per_server,2,Distribuido serial,distributed,60,0.004765994000990759,0.007423304999974789,1.5575565135901612,0.7787782567950806,2,2,12,2,2,True
workers_por_servidor,3,workers_per_server,2,Distribuido hibrido,hybrid,60,0.007434103999912622,0.007423304999974789,0.9985473703437616,0.2496368425859404,2,4,12,2,4,True
workers_por_servidor,1,workers_per_server,2,Serial,serial,120,0.05523536300097476,0.05523536300097476,1.0,1.0,1,1,12,2,1,True
workers_por_servidor,1,workers_per_server,2,Paralelo local,parallel,120,0.01955441500103916,0.05523536300097476,2.824700355292625,0.23539169627438541,1,12,12,2,12,True
workers_por_servidor,1,workers_per_server,2,Distribuido serial,distributed,120,0.03135388400005468,0.05523536300097476,1.7616752999685281,0.8808376499842641,2,2,12,2,2,True
workers_por_servidor,1,workers_per_server,2,Distribuido hibrido,hybrid,120,0.02700151899989578,0.05523536300097476,2.045639099088757,0.5114097747721893,2,4,12,2,4,True
workers_por_servidor,2,workers_per_server,2,Serial,serial,120,0.054888554999706685,0.054888554999706685,1.0,1.0,1,1,12,2,1,True
workers_por_servidor,2,workers_per_server,2,Paralelo local,parallel,120,0.018950866000523092,0.054888554999706685,2.896361306031694,0.24136344216930783,1,12,12,2,12,True
workers_por_servidor,2,workers_per_server,2,Distribuido serial,distributed,120,0.031038194998473045,0.054888554999706685,1.768419684276324,0.884209842138162,2,2,12,2,2,True
workers_por_servidor,2,workers_per_server,2,Distribuido hibrido,hybrid,120,0.022179936000611633,0.054888554999706685,2.474694020676754,0.6186735051691885,2,4,12,2,4,True
workers_por_servidor,3,workers_per_server,2,Serial,serial,120,0.05549867199988512,0.05549867199988512,1.0,1.0,1,1,12,2,1,True
workers_por_servidor,3,workers_per_server,2,Paralelo local,parallel,120,0.020184582001093077,0.05549867199988512,2.7495576572692784,0.22912980477243985,1,12,12,2,12,True
workers_por_servidor,3,workers_per_server,2,Distribuido serial,distributed,120,0.03177569199942809,0.05549867199988512,1.7465763452416394,0.8732881726208197,2,2,12,2,2,True
workers_por_servidor,3,workers_per_server,2,Distribuido hibrido,hybrid,120,0.023009931999695254,0.05549867199988512,2.411944198732102,0.6029860496830255,2,4,12,2,4,True
workers_por_servidor,1,workers_per_server,2,Serial,serial,250,0.4965662849990622,0.4965662849990622,1.0,1.0,1,1,12,2,1,True
workers_por_servidor,1,workers_per_server,2,Paralelo local,parallel,250,0.09967099399909785,0.4965662849990622,4.982054106970748,0.4151711755808956,1,12,12,2,12,True
workers_por_servidor,1,workers_per_server,2,Distribuido serial,distributed,250,0.2610525689997303,0.4965662849990622,1.9021696928773577,0.9510848464386789,2,2,12,2,2,True
workers_por_servidor,1,workers_per_server,2,Distribuido hibrido,hybrid,250,0.14894186699893908,0.4965662849990622,3.3339603900802404,0.8334900975200601,2,4,12,2,4,True
workers_por_servidor,2,workers_per_server,2,Serial,serial,250,0.4882441910012858,0.4882441910012858,1.0,1.0,1,1,12,2,1,True
workers_por_servidor,2,workers_per_server,2,Paralelo local,parallel,250,0.10134008699969854,0.4882441910012858,4.817878151246685,0.40148984593722375,1,12,12,2,12,True
workers_por_servidor,2,workers_per_server,2,Distribuido serial,distributed,250,0.2634083199991437,0.4882441910012858,1.8535640446090427,0.9267820223045213,2,2,12,2,2,True
workers_por_servidor,2,workers_per_server,2,Distribuido hibrido,hybrid,250,0.15018928200152004,0.4882441910012858,3.2508590792540333,0.8127147698135083,2,4,12,2,4,True
workers_por_servidor,3,workers_per_server,2,Serial,serial,250,0.49612948300091375,0.49612948300091375,1.0,1.0,1,1,12,2,1,True
workers_por_servidor,3,workers_per_server,2,Paralelo local,parallel,250,0.1431943150000734,0.49612948300091375,3.4647289105063943,0.2887274092088662,1,12,12,2,12,True
workers_por_servidor,3,workers_per_server,2,Distribuido serial,distributed,250,0.27018085600138875,0.49612948300091375,1.8362865909284247,0.9181432954642124,2,2,12,2,2,True
workers_por_servidor,3,workers_per_server,2,Distribuido hibrido,hybrid,250,0.14524382799936575,0.49612948300091375,3.41583866133768,0.85395966533442,2,4,12,2,4,True
workers_por_servidor,1,workers_per_server,2,Serial,serial,500,4.340857880999465,4.340857880999465,1.0,1.0,1,1,12,2,1,True
workers_por_servidor,1,workers_per_server,2,Paralelo local,parallel,500,0.748240266000721,4.340857880999465,5.801422455117221,0.4834518712597684,1,12,12,2,12,True
workers_por_servidor,1,workers_per_server,2,Distribuido serial,distributed,500,2.2274086690013064,4.340857880999465,1.9488376522058508,0.9744188261029254,2,2,12,2,2,True
workers_por_servidor,1,workers_per_server,2,Distribuido hibrido,hybrid,500,1.190385153000534,4.340857880999465,3.646599480897186,0.9116498702242966,2,4,12,2,4,True
workers_por_servidor,2,workers_per_server,2,Serial,serial,500,4.3645237750006345,4.3645237750006345,1.0,1.0,1,1,12,2,1,True
workers_por_servidor,2,workers_per_server,2,Paralelo local,parallel,500,0.7281508359992586,4.3645237750006345,5.993983058484161,0.49949858820701337,1,12,12,2,12,True
workers_por_servidor,2,workers_per_server,2,Distribuido serial,distributed,500,2.227025123000203,4.3645237750006345,1.9597999725844297,0.9798999862922149,2,2,12,2,2,True
workers_por_servidor,2,workers_per_server,2,Distribuido hibrido,hybrid,500,1.1978183060000447,4.3645237750006345,3.643727728269058,0.9109319320672645,2,4,12,2,4,True
workers_por_servidor,3,workers_per_server,2,Serial,serial,500,4.390379745000246,4.390379745000246,1.0,1.0,1,1,12,2,1,True
workers_por_servidor,3,workers_per_server,2,Paralelo local,parallel,500,0.6859240720004891,4.390379745000246,6.400678915081311,0.5333899095901092,1,12,12,2,12,True
workers_por_servidor,3,workers_per_server,2,Distribuido serial,distributed,500,2.2054072609989817,4.390379745000246,1.9907342388142582,0.9953671194071291,2,2,12,2,2,True
workers_por_servidor,3,workers_per_server,2,Distribuido hibrido,hybrid,500,1.177596535999328,4.390379745000246,3.728254636274466,0.9320636590686165,2,4,12,2,4,True
workers_por_servidor,1,workers_per_server,2,Serial,serial,750,15.468240269001399,15.468240269001399,1.0,1.0,1,1,12,2,1,True
workers_por_servidor,1,workers_per_server,2,Paralelo local,parallel,750,2.4724155309995695,15.468240269001399,6.256327091889673,0.5213605909908061,1,12,12,2,12,True
workers_por_servidor,1,workers_per_server,2,Distribuido serial,distributed,750,7.8009871909998765,15.468240269001399,1.9828567705953106,0.9914283852976553,2,2,12,2,2,True
workers_por_servidor,1,workers_per_server,2,Distribuido hibrido,hybrid,750,4.1138138200003596,15.468240269001399,3.760072999365841,0.9400182498414602,2,4,12,2,4,True
workers_por_servidor,2,workers_per_server,2,Serial,serial,750,15.601508052001009,15.601508052001009,1.0,1.0,1,1,12,2,1,True
workers_por_servidor,2,workers_per_server,2,Paralelo local,parallel,750,2.336822872999619,15.601508052001009,6.676375959969283,0.5563646633307736,1,12,12,2,12,True
workers_por_servidor,2,workers_per_server,2,Distribuido serial,distributed,750,7.765309317999709,15.601508052001009,2.009128988054252,1.004564494027126,2,2,12,2,2,True
workers_por_servidor,2,workers_per_server,2,Distribuido hibrido,hybrid,750,4.063834397000392,15.601508052001009,3.839110191969642,0.9597775479924106,2,4,12,2,4,True
workers_por_servidor,3,workers_per_server,2,Serial,serial,750,15.20985773800021,15.20985773800021,1.0,1.0,1,1,12,2,1,True
workers_por_servidor,3,workers_per_server,2,Paralelo local,parallel,750,2.597417334000056,15.20985773800021,5.855762005937195,0.48798016716143294,1,12,12,2,12,True
workers_por_servidor,3,workers_per_server,2,Distribuido serial,distributed,750,7.751217233999341,15.20985773800021,1.9622540923359577,0.9811270461679789,2,2,12,2,2,True
workers_por_servidor,3,workers_per_server,2,Distribuido hibrido,hybrid,750,4.077709358998618,15.20985773800021,3.7300004485202853,0.9325001121300713,2,4,12,2,4,True
workers_por_servidor,1,workers_per_server,4,Serial,serial,1,8.110000635497272e-06,8.110000635497272e-06,1.0,1.0,1,1,12,4,1,True
workers_por_servidor,1,workers_per_server,4,Paralelo local,parallel,1,3.4700005926424637e-06,8.110000635497272e-06,2.3371755764806283,0.1947646313733857,1,12,12,4,12,True
workers_por_servidor,1,workers_per_server,4,Distribuido serial,distributed,1,0.0003884489997290075,8.110000635497272e-06,0.020877903254108075,0.010438951627054037,2,2,12,4,2,True
workers_por_servidor,1,workers_per_server,4,Distribuido hibrido,hybrid,1,0.00013125999976182356,8.110000635497272e-06,0.06178577365696471,0.007723221707120588,2,8,12,4,8,True
workers_por_servidor,2,workers_per_server,4,Serial,serial,1,3.6500005080597475e-06,3.6500005080597475e-06,1.0,1.0,1,1,12,4,1,True
workers_por_servidor,2,workers_per_server,4,Paralelo local,parallel,1,2.599999788799323e-06,3.6500005080597475e-06,1.4038464632896426,0.11698720527413688,1,12,12,4,12,True
workers_por_servidor,2,workers_per_server,4,Distribuido serial,distributed,1,0.00010049899901787285,3.6500005080597475e-06,0.03631877475128511,0.018159387375642554,2,2,12,4,2,True
workers_por_servidor,2,workers_per_server,4,Distribuido hibrido,hybrid,1,7.899000047473237e-05,3.6500005080597475e-06,0.046208386961933544,0.005776048370241693,2,8,12,4,8,True
workers_por_servidor,3,workers_per_server,4,Serial,serial,1,2.550001227064058e-06,2.550001227064058e-06,1.0,1.0,1,1,12,4,1,True
workers_por_servidor,3,workers_per_server,4,Paralelo local,parallel,1,2.429998858133331e-06,2.550001227064058e-06,1.0493837141235984,0.0874486428436332,1,12,12,4,12,True
workers_por_servidor,3,workers_per_server,4,Distribuido serial,distributed,1,7.451000055880286e-05,2.550001227064058e-06,0.03422361036021751,0.017111805180108755,2,2,12,4,2,True
workers_por_servidor,3,workers_per_server,4,Distribuido hibrido,hybrid,1,7.313899914151989e-05,2.550001227064058e-06,0.03486513702669007,0.004358142128336259,2,8,12,4,8,True
workers_por_servidor,1,workers_per_server,4,Serial,serial,5,1.3989998478791676e-05,1.3989998478791676e-05,1.0,1.0,1,1,12,4,1,True
workers_por_servidor,1,workers_per_server,4,Paralelo local,parallel,5,0.005274641000141855,1.3989998478791676e-05,0.002652312921090825,0.00022102607675756876,1,12,12,4,12,True
workers_por_servidor,1,workers_per_server,4,Distribuido serial,distributed,5,0.00032915799965849146,1.3989998478791676e-05,0.042502380295501255,0.021251190147750627,2,2,12,4,2,True
workers_por_servidor,1,workers_per_server,4,Distribuido hibrido,hybrid,5,0.2561474410013034,1.3989998478791676e-05,5.461697537989649e-05,6.827121922487062e-06,2,8,12,4,8,True
workers_por_servidor,2,workers_per_server,4,Serial,serial,5,1.7129999832832254e-05,1.7129999832832254e-05,1.0,1.0,1,1,12,4,1,True
workers_por_servidor,2,workers_per_server,4,Paralelo local,parallel,5,0.00453163299971493,1.7129999832832254e-05,0.0037800942472415236,0.00031500785393679363,1,12,12,4,12,True
workers_por_servidor,2,workers_per_server,4,Distribuido serial,distributed,5,0.0003477989994280506,1.7129999832832254e-05,0.04925258514544965,0.024626292572724823,2,2,12,4,2,True
workers_por_servidor,2,workers_per_server,4,Distribuido hibrido,hybrid,5,0.005069691000244347,1.7129999832832254e-05,0.0033789041249272646,0.00042236301561590807,2,8,12,4,8,True
workers_por_servidor,3,workers_per_server,4,Serial,serial,5,1.694000093266368e-05,1.694000093266368e-05,1.0,1.0,1,1,12,4,1,True
workers_por_servidor,3,workers_per_server,4,Paralelo local,parallel,5,0.004260104000422871,1.694000093266368e-05,0.003976428962997655,0.0003313690802498046,1,12,12,4,12,True
workers_por_servidor,3,workers_per_server,4,Distribuido serial,distributed,5,0.00030815900026937015,1.694000093266368e-05,0.05497162477116022,0.02748581238558011,2,2,12,4,2,True
workers_por_servidor,3,workers_per_server,4,Distribuido hibrido,hybrid,5,0.00448115300059726,1.694000093266368e-05,0.003780277292564184,0.000472534661570523,2,8,12,4,8,True
workers_por_servidor,1,workers_per_server,4,Serial,serial,60,0.007033924001007108,0.007033924001007108,1.0,1.0,1,1,12,4,1,True
workers_por_servidor,1,workers_per_server,4,Paralelo local,parallel,60,0.007576263000373729,0.007033924001007108,0.9284160278834213,0.07736800232361844,1,12,12,4,12,True
workers_por_servidor,1,workers_per_server,4,Distribuido serial,distributed,60,0.004703073000200675,0.007033924001007108,1.4956017056734987,0.7478008528367494,2,2,12,4,2,True
workers_por_servidor,1,workers_per_server,4,Distribuido hibrido,hybrid,60,0.007833662000848562,0.007033924001007108,0.8979100706981199,0.11223875883726499,2,8,12,4,8,True
workers_por_servidor,2,workers_per_server,4,Serial,serial,60,0.007190794000052847,0.007190794000052847,1.0,1.0,1,1,12,4,1,True
workers_por_servidor,2,workers_per_server,4,Paralelo local,parallel,60,0.007575740999527625,0.007190794000052847,0.949186884887065,0.07909890707392209,1,12,12,4,12,True
workers_por_servidor,2,workers_per_server,4,Distribuido serial,distributed,60,0.004651552999348496,0.007190794000052847,1.5458910177009701,0.7729455088504851,2,2,12,4,2,True
workers_por_servidor,2,workers_per_server,4,Distribuido hibrido,hybrid,60,0.007674460999623989,0.007190794000052847,0.936977072449148,0.1171221340561435,2,8,12,4,8,True
workers_por_servidor,3,workers_per_server,4,Serial,serial,60,0.007106332999683218,0.007106332999683218,1.0,1.0,1,1,12,4,1,True
workers_por_servidor,3,workers_per_server,4,Paralelo local,parallel,60,0.007724012000835501,0.007106332999683218,0.9200313255487603,0.07666927712906337,1,12,12,4,12,True
workers_por_servidor,3,workers_per_server,4,Distribuido serial,distributed,60,0.004649862999940524,0.007106332999683218,1.5282886828653048,0.7641443414326524,2,2,12,4,2,True
workers_por_servidor,3,workers_per_server,4,Distribuido hibrido,hybrid,60,0.008419428999332013,0.007106332999683218,0.8440397799241524,0.10550497249051904,2,8,12,4,8,True
workers_por_servidor,1,workers_per_server,4,Serial,serial,120,0.05503366599987203,0.05503366599987203,1.0,1.0,1,1,12,4,1,True
workers_por_servidor,1,workers_per_server,4,Paralelo local,parallel,120,0.01984758699836675,0.05503366599987203,2.7728139448085414,0.2310678287340451,1,12,12,4,12,True
workers_por_servidor,1,workers_per_server,4,Distribuido serial,distributed,120,0.03130290399894875,0.05503366599987203,1.7581009736898605,0.8790504868449303,2,2,12,4,2,True
workers_por_servidor,1,workers_per_server,4,Distribuido hibrido,hybrid,120,0.0216724689998955,0.05503366599987203,2.539335319853838,0.31741691498172975,2,8,12,4,8,True
workers_por_servidor,2,workers_per_server,4,Serial,serial,120,0.05566981300034968,0.05566981300034968,1.0,1.0,1,1,12,4,1,True
workers_por_servidor,2,workers_per_server,4,Paralelo local,parallel,120,0.020966152998880716,0.05566981300034968,2.6552230637314165,0.2212685886442847,1,12,12,4,12,True
workers_por_servidor,2,workers_per_server,4,Distribuido serial,distributed,120,0.030899015999239055,0.05566981300034968,1.8016694448043475,0.9008347224021738,2,2,12,4,2,True
workers_por_servidor,2,workers_per_server,4,Distribuido hibrido,hybrid,120,0.021053882001069724,0.05566981300034968,2.6441590675544377,0.3305198834443047,2,8,12,4,8,True
workers_por_servidor,3,workers_per_server,4,Serial,serial,120,0.055227374999958556,0.055227374999958556,1.0,1.0,1,1,12,4,1,True
workers_por_servidor,3,workers_per_server,4,Paralelo local,parallel,120,0.02184457899966219,0.055227374999958556,2.528195897060438,0.2106829914217032,1,12,12,4,12,True
workers_por_servidor,3,workers_per_server,4,Distribuido serial,distributed,120,0.031087884000953636,0.055227374999958556,1.7764919284395306,0.8882459642197653,2,2,12,4,2,True
workers_por_servidor,3,workers_per_server,4,Distribuido hibrido,hybrid,120,0.021600099998977385,0.055227374999958556,2.556811079697464,0.319601384962183,2,8,12,4,8,True
workers_por_servidor,1,workers_per_server,4,Serial,serial,250,0.49928537999949185,0.49928537999949185,1.0,1.0,1,1,12,4,1,True
workers_por_servidor,1,workers_per_server,4,Paralelo local,parallel,250,0.09928800099987711,0.49928537999949185,5.028657793202119,0.4190548161001766,1,12,12,4,12,True
workers_por_servidor,1,workers_per_server,4,Distribuido serial,distributed,250,0.25990022599944496,0.49928537999949185,1.9210655861475017,0.9605327930737508,2,2,12,4,2,True
workers_por_servidor,1,workers_per_server,4,Distribuido hibrido,hybrid,250,0.12022691399943142,0.49928537999949185,4.152858651947542,0.5191073314934428,2,8,12,4,8,True
workers_por_servidor,2,workers_per_server,4,Serial,serial,250,0.4957641609998973,0.4957641609998973,1.0,1.0,1,1,12,4,1,True
workers_por_servidor,2,workers_per_server,4,Paralelo local,parallel,250,0.09395631100051105,0.4957641609998973,5.276539231060282,0.4397116025883568,1,12,12,4,12,True
workers_por_servidor,2,workers_per_server,4,Distribuido serial,distributed,250,0.2617547989993909,0.4957641609998973,1.8940021840862253,0.9470010920431127,2,2,12,4,2,True
workers_por_servidor,2,workers_per_server,4,Distribuido hibrido,hybrid,250,0.11719144499875256,0.4957641609998973,4.23037842911805,0.5287973036397563,2,8,12,4,8,True
workers_por_servidor,3,workers_per_server,4,Serial,serial,250,0.49046119900049234,0.49046119900049234,1.0,1.0,1,1,12,4,1,True
workers_por_servidor,3,workers_per_server,4,Paralelo local,parallel,250,0.09499341800074035,0.49046119900049234,5.163107184928011,0.43025893207733423,1,12,12,4,12,True
workers_por_servidor,3,workers_per_server,4,Distribuido serial,distributed,250,0.26094990099954884,0.49046119900049234,1.8795224566930964,0.9397612283465482,2,2,12,4,2,True
workers_por_servidor,3,workers_per_server,4,Distribuido hibrido,hybrid,250,0.11917034699945361,0.49046119900049234,4.115631206500901,0.5144539008126127,2,8,12,4,8,True
workers_por_servidor,1,workers_per_server,4,Serial,serial,500,4.331516532000023,4.331516532000023,1.0,1.0,1,1,12,4,1,True
workers_por_servidor,1,workers_per_server,4,Paralelo local,parallel,500,0.7937744729988481,4.331516532000023,5.456860455131201,0.4547383712609334,1,12,12,4,12,True
workers_por_servidor,1,workers_per_server,4,Distribuido serial,distributed,500,2.2374837169991224,4.331516532000023,1.9358873984608855,0.9679436992304428,2,2,12,4,2,True
workers_por_servidor,1,workers_per_server,4,Distribuido hibrido,hybrid,500,0.88600646300074,4.331516532000023,4.888809182418352,0.611101147802294,2,8,12,4,8,True
workers_por_servidor,2,workers_per_server,4,Serial,serial,500,4.357007438000437,4.357007438000437,1.0,1.0,1,1,12,4,1,True
workers_por_servidor,2,workers_per_server,4,Paralelo local,parallel,500,0.7052859280011035,4.357007438000437,6.177646915980465,0.5148039096650388,1,12,12,4,12,True
workers_por_servidor,2,workers_per_server,4,Distribuido serial,distributed,500,2.246014099999229,4.357007438000437,1.9398842767736555,0.9699421383868277,2,2,12,4,2,True
workers_por_servidor,2,workers_per_server,4,Distribuido hibrido,hybrid,500,0.8829876169984345,4.357007438000437,4.934392458199288,0.616799057274911,2,8,12,4,8,True
workers_por_servidor,3,workers_per_server,4,Serial,serial,500,4.377489385000445,4.377489385000445,1.0,1.0,1,1,12,4,1,True
workers_por_servidor,3,workers_per_server,4,Paralelo local,parallel,500,0.8522325310004817,4.377489385000445,5.136496467532721,0.42804137229439343,1,12,12,4,12,True
workers_por_servidor,3,workers_per_server,4,Distribuido serial,distributed,500,2.2414419229990017,4.377489385000445,1.9529791693837228,0.9764895846918614,2,2,12,4,2,True
workers_por_servidor,3,workers_per_server,4,Distribuido hibrido,hybrid,500,0.8850063110003248,4.377489385000445,4.946280416975284,0.6182850521219105,2,8,12,4,8,True
workers_por_servidor,1,workers_per_server,4,Serial,serial,750,15.249605012999382,15.249605012999382,1.0,1.0,1,1,12,4,1,True
workers_por_servidor,1,workers_per_server,4,Paralelo local,parallel,750,2.462924171999475,15.249605012999382,6.191666469625534,0.5159722058021278,1,12,12,4,12,True
workers_por_servidor,1,workers_per_server,4,Distribuido serial,distributed,750,7.720992212000056,15.249605012999382,1.9750835895544965,0.9875417947772482,2,2,12,4,2,True
workers_por_servidor,1,workers_per_server,4,Distribuido hibrido,hybrid,750,2.9479598739999346,15.249605012999382,5.172935068586256,0.646616883573282,2,8,12,4,8,True
workers_por_servidor,2,workers_per_server,4,Serial,serial,750,15.38932973699957,15.38932973699957,1.0,1.0,1,1,12,4,1,True
workers_por_servidor,2,workers_per_server,4,Paralelo local,parallel,750,2.481522944999597,15.38932973699957,6.201566569436686,0.5167972141197238,1,12,12,4,12,True
workers_por_servidor,2,workers_per_server,4,Distribuido serial,distributed,750,7.835402233999048,15.38932973699957,1.9640765435401437,0.9820382717700719,2,2,12,4,2,True
workers_por_servidor,2,workers_per_server,4,Distribuido hibrido,hybrid,750,3.0612228990012227,15.38932973699957,5.027183659844113,0.6283979574805141,2,8,12,4,8,True
workers_por_servidor,3,workers_per_server,4,Serial,serial,750,15.413167910999618,15.413167910999618,1.0,1.0,1,1,12,4,1,True
workers_por_servidor,3,workers_per_server,4,Paralelo local,parallel,750,2.7820258520005154,15.413167910999618,5.540267679366181,0.4616889732805151,1,12,12,4,12,True
workers_por_servidor,3,workers_per_server,4,Distribuido serial,distributed,750,7.7283911849990545,15.413167910999618,1.9943565927300435,0.9971782963650218,2,2,12,4,2,True
workers_por_servidor,3,workers_per_server,4,Distribuido hibrido,hybrid,750,2.9286776419994567,15.413167910999618,5.262842072464074,0.6578552590580092,2,8,12,4,8,True
workers_por_servidor,1,workers_per_server,6,Serial,serial,1,8.240000170189887e-06,8.240000170189887e-06,1.0,1.0,1,1,12,6,1,True
workers_por_servidor,1,workers_per_server,6,Paralelo local,parallel,1,3.529999958118424e-06,8.240000170189887e-06,2.334277696303999,0.19452314135866658,1,12,12,6,12,True
workers_por_servidor,1,workers_per_server,6,Distribuido serial,distributed,1,0.0004070880004292121,8.240000170189887e-06,0.020241324139994462,0.010120662069997231,2,2,12,6,2,True
workers_por_servidor,1,workers_per_server,6,Distribuido hibrido,hybrid,1,0.0002005099995585624,8.240000170189887e-06,0.04109520816084413,0.003424600680070344,2,12,12,6,12,True
workers_por_servidor,2,workers_per_server,6,Serial,serial,1,3.540000761859119e-06,3.540000761859119e-06,1.0,1.0,1,1,12,6,1,True
workers_por_servidor,2,workers_per_server,6,Paralelo local,parallel,1,2.7099995349999517e-06,3.540000761859119e-06,1.3062735679986683,0.1088561306665557,1,12,12,6,12,True
workers_por_servidor,2,workers_per_server,6,Distribuido serial,distributed,1,0.00015814999824215192,3.540000761859119e-06,0.022383817902032692,0.011191908951016346,2,2,12,6,2,True
workers_por_servidor,2,workers_per_server,6,Distribuido hibrido,hybrid,1,0.0001636889992369106,3.540000761859119e-06,0.021626381603907296,0.0018021984669922746,2,12,12,6,12,True
workers_por_servidor,3,workers_per_server,6,Serial,serial,1,2.6400011847727e-06,2.6400011847727e-06,1.0,1.0,1,1,12,6,1,True
workers_por_servidor,3,workers_per_server,6,Paralelo local,parallel,1,2.290000338689424e-06,2.6400011847727e-06,1.152838774811528,0.09606989790096067,1,12,12,6,12,True
workers_por_servidor,3,workers_per_server,6,Distribuido serial,distributed,1,0.00012306999997235835,2.6400011847727e-06,0.02145121626201062,0.01072560813100531,2,2,12,6,2,True
workers_por_servidor,3,workers_per_server,6,Distribuido hibrido,hybrid,1,0.00010746900079539046,2.6400011847727e-06,0.024565234302298775,0.0020471028585248977,2,12,12,6,12,True
workers_por_servidor,1,workers_per_server,6,Serial,serial,5,1.384999995934777e-05,1.384999995934777e-05,1.0,1.0,1,1,12,6,1,True
workers_por_servidor,1,workers_per_server,6,Paralelo local,parallel,5,0.004587831999742775,1.384999995934777e-05,0.00301885508452016,0.00025157125704334664,1,12,12,6,12,True
workers_por_servidor,1,workers_per_server,6,Distribuido serial,distributed,5,0.0003201080016879132,1.384999995934777e-05,0.04326664715132838,0.02163332357566419,2,2,12,6,2,True
workers_por_servidor,1,workers_per_server,6,Distribuido hibrido,hybrid,5,0.24612308599898824,1.384999995934777e-05,5.627265684213265e-05,4.689388070177721e-06,2,12,12,6,12,True
workers_por_servidor,2,workers_per_server,6,Serial,serial,5,1.674000122875441e-05,1.674000122875441e-05,1.0,1.0,1,1,12,6,1,True
workers_por_servidor,2,workers_per_server,6,Paralelo local,parallel,5,0.0041433040005358635,1.674000122875441e-05,0.004040254161072753,0.0003366878467560628,1,12,12,6,12,True
workers_por_servidor,2,workers_per_server,6,Distribuido serial,distributed,5,0.00034672800029511563,1.674000122875441e-05,0.048279923209277154,0.024139961604638577,2,2,12,6,2,True
workers_por_servidor,2,workers_per_server,6,Distribuido hibrido,hybrid,5,0.004381932998512639,1.674000122875441e-05,0.003820232129162284,0.00031835267743019033,2,12,12,6,12,True
workers_por_servidor,3,workers_per_server,6,Serial,serial,5,1.6340000001946464e-05,1.6340000001946464e-05,1.0,1.0,1,1,12,6,1,True
workers_por_servidor,3,workers_per_server,6,Paralelo local,parallel,5,0.004253222999977879,1.6340000001946464e-05,0.0038417924482284254,0.0003201493706857021,1,12,12,6,12,True
workers_por_servidor,3,workers_per_server,6,Distribuido serial,distributed,5,0.00031760899946675636,1.6340000001946464e-05,0.0514469049346215,0.02572345246731075,2,2,12,6,2,True
workers_por_servidor,3,workers_per_server,6,Distribuido hibrido,hybrid,5,0.004311802000302123,1.6340000001946464e-05,0.0037895988732324767,0.0003157999061027064,2,12,12,6,12,True
workers_por_servidor,1,workers_per_server,6,Serial,serial,60,0.007042940998871927,0.007042940998871927,1.0,1.0,1,1,12,6,1,True
workers_por_servidor,1,workers_per_server,6,Paralelo local,parallel,60,0.007208781998997438,0.007042940998871927,0.9769945879694274,0.08141621566411895,1,12,12,6,12,True
workers_por_servidor,1,workers_per_server,6,Distribuido serial,distributed,60,0.004910080000627204,0.007042940998871927,1.4343841644071533,0.7171920822035767,2,2,12,6,2,True
workers_por_servidor,1,workers_per_server,6,Distribuido hibrido,hybrid,60,0.008459527000013622,0.007042940998871927,0.8325454837913024,0.06937879031594187,2,12,12,6,12,True
workers_por_servidor,2,workers_per_server,6,Serial,serial,60,0.007148091999624739,0.007148091999624739,1.0,1.0,1,1,12,6,1,True
workers_por_servidor,2,workers_per_server,6,Paralelo local,parallel,60,0.00755202999971516,0.007148091999624739,0.9465126594961016,0.07887605495800847,1,12,12,6,12,True
workers_por_servidor,2,workers_per_server,6,Distribuido serial,distributed,60,0.00466322100146499,0.007148091999624739,1.532865801852219,0.7664329009261095,2,2,12,6,2,True
workers_por_servidor,2,workers_per_server,6,Distribuido hibrido,hybrid,60,0.00826943699939875,0.007148091999624739,0.864398870218669,0.07203323918488909,2,12,12,6,12,True
workers_por_servidor,3,workers_per_server,6,Serial,serial,60,0.007232641999507905,0.007232641999507905,1.0,1.0,1,1,12,6,1,True
workers_por_servidor,3,workers_per_server,6,Paralelo local,parallel,60,0.007747748999463511,0.007232641999507905,0.9335152700492396,0.07779293917076997,1,12,12,6,12,True
workers_por_servidor,3,workers_per_server,6,Distribuido serial,distributed,60,0.004730822000055923,0.007232641999507905,1.5288341010129758,0.7644170505064879,2,2,12,6,2,True
workers_por_servidor,3,workers_per_server,6,Distribuido hibrido,hybrid,60,0.008445366998785175,0.007232641999507905,0.8564035169280725,0.07136695974400604,2,12,12,6,12,True
workers_por_servidor,1,workers_per_server,6,Serial,serial,120,0.05565718899924832,0.05565718899924832,1.0,1.0,1,1,12,6,1,True
workers_por_servidor,1,workers_per_server,6,Paralelo local,parallel,120,0.0203612700006488,0.05565718899924832,2.733483176514767,0.2277902647095639,1,12,12,6,12,True
workers_por_servidor,1,workers_per_server,6,Distribuido serial,distributed,120,0.03125489599915454,0.05565718899924832,1.780751054194961,0.8903755270974805,2,2,12,6,2,True
workers_por_servidor,1,workers_per_server,6,Distribuido hibrido,hybrid,120,0.02120700600062264,0.05565718899924832,2.6244717900119525,0.21870598250099604,2,12,12,6,12,True
workers_por_servidor,2,workers_per_server,6,Serial,serial,120,0.0552270709995355,0.0552270709995355,1.0,1.0,1,1,12,6,1,True
workers_por_servidor,2,workers_per_server,6,Paralelo local,parallel,120,0.020043370999701438,0.0552270709995355,2.7553783742444398,0.22961486452036997,1,12,12,6,12,True
workers_por_servidor,2,workers_per_server,6,Distribuido serial,distributed,120,0.03147834499941382,0.0552270709995355,1.7544464615456727,0.8772232307728364,2,2,12,6,2,True
workers_por_servidor,2,workers_per_server,6,Distribuido hibrido,hybrid,120,0.02050023900119413,0.0552270709995355,2.6939720554632824,0.22449767128860687,2,12,12,6,12,True
workers_por_servidor,3,workers_per_server,6,Serial,serial,120,0.05515939199904096,0.05515939199904096,1.0,1.0,1,1,12,6,1,True
workers_por_servidor,3,workers_per_server,6,Paralelo local,parallel,120,0.019901710998965427,0.05515939199904096,2.7715904427467755,0.23096587022889795,1,12,12,6,12,True
workers_por_servidor,3,workers_per_server,6,Distribuido serial,distributed,120,0.031370615999549045,0.05515939199904096,1.7583139585092586,0.8791569792546293,2,2,12,6,2,True
workers_por_servidor,3,workers_per_server,6,Distribuido hibrido,hybrid,120,0.021673983999789925,0.05515939199904096,2.5449586010387195,0.21207988341989328,2,12,12,6,12,True
workers_por_servidor,1,workers_per_server,6,Serial,serial,250,0.4941918619988428,0.4941918619988428,1.0,1.0,1,1,12,6,1,True
workers_por_servidor,1,workers_per_server,6,Paralelo local,parallel,250,0.10813519099974656,0.4941918619988428,4.570129829428064,0.38084415245233866,1,12,12,6,12,True
workers_por_servidor,1,workers_per_server,6,Distribuido serial,distributed,250,0.2610134160004236,0.4941918619988428,1.8933580869959603,0.9466790434979802,2,2,12,6,2,True
workers_por_servidor,1,workers_per_server,6,Distribuido hibrido,hybrid,250,0.10328671099887288,0.4941918619988428,4.784660652077843,0.3987217210064869,2,12,12,6,12,True
workers_por_servidor,2,workers_per_server,6,Serial,serial,250,0.4909964439993928,0.4909964439993928,1.0,1.0,1,1,12,6,1,True
workers_por_servidor,2,workers_per_server,6,Paralelo local,parallel,250,0.10210956499940949,0.4909964439993928,4.808525469697499,0.4007104558081249,1,12,12,6,12,True
workers_por_servidor,2,workers_per_server,6,Distribuido serial,distributed,250,0.2586950050008454,0.4909964439993928,1.8979741955117697,0.9489870977558849,2,2,12,6,2,True
workers_por_servidor,2,workers_per_server,6,Distribuido hibrido,hybrid,250,0.09640448699974513,0.4909964439993928,5.09308704687875,0.4244239205732292,2,12,12,6,12,True
workers_por_servidor,3,workers_per_server,6,Serial,serial,250,0.48860230299942486,0.48860230299942486,1.0,1.0,1,1,12,6,1,True
workers_por_servidor,3,workers_per_server,6,Paralelo local,parallel,250,0.09131240699935006,0.48860230299942486,5.350886249257481,0.44590718743812346,1,12,12,6,12,True
workers_por_servidor,3,workers_per_server,6,Distribuido serial,distributed,250,0.26435644199955277,0.48860230299942486,1.8482708395668734,0.9241354197834367,2,2,12,6,2,True
workers_por_servidor,3,workers_per_server,6,Distribuido hibrido,hybrid,250,0.11109700000088196,0.48860230299942486,4.397979270327245,0.36649827252727046,2,12,12,6,12,True
workers_por_servidor,1,workers_per_server,6,Serial,serial,500,4.326065581000876,4.326065581000876,1.0,1.0,1,1,12,6,1,True
workers_por_servidor,1,workers_per_server,6,Paralelo local,parallel,500,0.7406257239999832,4.326065581000876,5.841095496435895,0.4867579580363246,1,12,12,6,12,True
workers_por_servidor,1,workers_per_server,6,Distribuido serial,distributed,500,2.263212593999924,4.326065581000876,1.9114711505537958,0.9557355752768979,2,2,12,6,2,True
workers_por_servidor,1,workers_per_server,6,Distribuido hibrido,hybrid,500,0.7690257280009973,4.326065581000876,5.625384721842837,0.46878206015356977,2,12,12,6,12,True
workers_por_servidor,2,workers_per_server,6,Serial,serial,500,4.329082029998972,4.329082029998972,1.0,1.0,1,1,12,6,1,True
workers_por_servidor,2,workers_per_server,6,Paralelo local,parallel,500,0.7138548299990362,4.329082029998972,6.064373102308234,0.5053644251923528,1,12,12,6,12,True
workers_por_servidor,2,workers_per_server,6,Distribuido serial,distributed,500,2.217086083999675,4.329082029998972,1.9525998838029812,0.9762999419014906,2,2,12,6,2,True
workers_por_servidor,2,workers_per_server,6,Distribuido hibrido,hybrid,500,0.8144573839999794,4.329082029998972,5.315295944322952,0.44294132869357933,2,12,12,6,12,True
workers_por_servidor,3,workers_per_server,6,Serial,serial,500,4.336070284000016,4.336070284000016,1.0,1.0,1,1,12,6,1,True
workers_por_servidor,3,workers_per_server,6,Paralelo local,parallel,500,0.7887842499985709,4.336070284000016,5.497156268026234,0.4580963556688528,1,12,12,6,12,True
workers_por_servidor,3,workers_per_server,6,Distribuido serial,distributed,500,2.269228560000556,4.336070284000016,1.9108124939159734,0.9554062469579867,2,2,12,6,2,True
workers_por_servidor,3,workers_per_server,6,Distribuido hibrido,hybrid,500,0.7497082709996903,4.336070284000016,5.7836767336421815,0.48197306113684846,2,12,12,6,12,True
workers_por_servidor,1,workers_per_server,6,Serial,serial,750,15.419235337998543,15.419235337998543,1.0,1.0,1,1,12,6,1,True
workers_por_servidor,1,workers_per_server,6,Paralelo local,parallel,750,2.517349338999338,15.419235337998543,6.125186957217382,0.5104322464347818,1,12,12,6,12,True
workers_por_servidor,1,workers_per_server,6,Distribuido serial,distributed,750,7.692354417000388,15.419235337998543,2.0044884182561145,1.0022442091280572,2,2,12,6,2,True
workers_por_servidor,1,workers_per_server,6,Distribuido hibrido,hybrid,750,2.424861678000525,15.419235337998543,6.358810268597599,0.5299008557164666,2,12,12,6,12,True
workers_por_servidor,2,workers_per_server,6,Serial,serial,750,15.099611795998499,15.099611795998499,1.0,1.0,1,1,12,6,1,True
workers_por_servidor,2,workers_per_server,6,Paralelo local,parallel,750,2.364828710000438,15.099611795998499,6.385076319542696,0.5320896932952247,1,12,12,6,12,True
workers_por_servidor,2,workers_per_server,6,Distribuido serial,distributed,750,7.677538775998983,15.099611795998499,1.966725566167365,0.9833627830836825,2,2,12,6,2,True
workers_por_servidor,2,workers_per_server,6,Distribuido hibrido,hybrid,750,2.421069677999185,15.099611795998499,6.23675226417981,0.5197293553483174,2,12,12,6,12,True
workers_por_servidor,3,workers_per_server,6,Serial,serial,750,15.570446019000883,15.570446019000883,1.0,1.0,1,1,12,6,1,True
workers_por_servidor,3,workers_per_server,6,Paralelo local,parallel,750,2.550561189000291,15.570446019000883,6.104713772855542,0.5087261477379618,1,12,12,6,12,True
workers_por_servidor,3,workers_per_server,6,Distribuido serial,distributed,750,7.870002786999976,15.570446019000883,1.978454956168611,0.9892274780843054,2,2,12,6,2,True
workers_por_servidor,3,workers_per_server,6,Distribuido hibrido,hybrid,750,2.685100577000412,15.570446019000883,5.798831579111643,0.48323596492597026,2,12,12,6,12,True
